SCAN,ADDRESS,TIMESTAMP,UUID,MAJOR,MINOR,TX POWER,RSSI
0,DC:A6:32:55:FC:3E,2020-07-17 03:53:12.793544,aede318c-caf8-11ea-887c-dca63255fc3b,1,1,1,-41
1,98:04:ED:C0:E4:41,2020-07-17 03:53:12.793544,74278bda-b644-4520-8f0c-720eaf059935,1,28336,197,-84
2,98:04:ED:C0:E4:41,2020-07-17 03:53:13.107854,74278bda-b644-4520-8f0c-720eaf059935,1,28336,197,-92
3,DC:A6:32:55:FC:3E,2020-07-17 03:53:13.107854,aede318c-caf8-11ea-887c-dca63255fc3b,1,1,1,-39
4,98:04:ED:C0:E4:41,2020-07-17 03:53:14.095103,74278bda-b644-4520-8f0c-720eaf059935,1,28336,197,-84
5,DC:A6:32:55:FC:3E,2020-07-17 03:53:14.095103,aede318c-caf8-11ea-887c-dca63255fc3b,1,1,1,-40
6,DC:A6:32:55:FC:3E,2020-07-17 03:53:15.023889,aede318c-caf8-11ea-887c-dca63255fc3b,1,1,1,-42
7,98:04:ED:C0:E4:41,2020-07-17 03:53:15.023889,74278bda-b644-4520-8f0c-720eaf059935,1,28336,197,-84
8,98:04:ED:C0:E4:41,2020-07-17 03:53:16.215071,74278bda-b644-4520-8f0c-720eaf059935,1,28336,197,-85
9,DC:A6:32:55:FC:3E,2020-07-17 03:53:16.215071,aede318c-caf8-11ea-887c-dca63255fc3b,1,1,1,-37
10,98:04:ED:C0:E4:41,2020-07-17 03:53:17.043997,74278bda-b644-4520-8f0c-720eaf059935,1,28336,197,-85
11,DC:A6:32:55:FC:3E,2020-07-17 03:53:17.043997,aede318c-caf8-11ea-887c-dca63255fc3b,1,1,1,-38
12,98:04:ED:C0:E4:41,2020-07-17 03:53:18.232720,74278bda-b644-4520-8f0c-720eaf059935,1,28336,197,-92
13,DC:A6:32:55:FC:3E,2020-07-17 03:53:18.232720,aede318c-caf8-11ea-887c-dca63255fc3b,1,1,1,-39
14,98:04:ED:C0:E4:41,2020-07-17 03:53:19.036396,74278bda-b644-4520-8f0c-720eaf059935,1,28336,197,-85
15,DC:A6:32:55:FC:3E,2020-07-17 03:53:19.036396,aede318c-caf8-11ea-887c-dca63255fc3b,1,1,1,-39
16,DC:A6:32:55:FC:3E,2020-07-17 03:53:20.082648,aede318c-caf8-11ea-887c-dca63255fc3b,1,1,1,-36
17,98:04:ED:C0:E4:41,2020-07-17 03:53:20.082648,74278bda-b644-4520-8f0c-720eaf059935,1,28336,197,-90
18,98:04:ED:C0:E4:41,2020-07-17 03:53:21.068962,74278bda-b644-4520-8f0c-720eaf059935,1,28336,197,-91
19,DC:A6:32:55:FC:3E,2020-07-17 03:53:21.068962,aede318c-caf8-11ea-887c-dca63255fc3b,1,1,1,-42
20,98:04:ED:C0:E4:41,2020-07-17 03:53:22.164601,74278bda-b644-4520-8f0c-720eaf059935,1,28336,197,-83
21,DC:A6:32:55:FC:3E,2020-07-17 03:53:22.164601,aede318c-caf8-11ea-887c-dca63255fc3b,1,1,1,-37
22,98:04:ED:C0:E4:41,2020-07-17 03:53:23.159053,74278bda-b644-4520-8f0c-720eaf059935,1,28336,197,-85
23,DC:A6:32:55:FC:3E,2020-07-17 03:53:23.159053,aede318c-caf8-11ea-887c-dca63255fc3b,1,1,1,-42
24,98:04:ED:C0:E4:41,2020-07-17 03:53:24.091621,74278bda-b644-4520-8f0c-720eaf059935,1,28336,197,-85
25,DC:A6:32:55:FC:3E,2020-07-17 03:53:24.091621,aede318c-caf8-11ea-887c-dca63255fc3b,1,1,1,-37
26,DC:A6:32:55:FC:3E,2020-07-17 03:53:25.013517,aede318c-caf8-11ea-887c-dca63255fc3b,1,1,1,-42
27,98:04:ED:C0:E4:41,2020-07-17 03:53:25.013517,74278bda-b644-4520-8f0c-720eaf059935,1,28336,197,-93
28,98:04:ED:C0:E4:41,2020-07-17 03:53:26.265319,74278bda-b644-4520-8f0c-720eaf059935,1,28336,197,-84
29,DC:A6:32:55:FC:3E,2020-07-17 03:53:26.265319,aede318c-caf8-11ea-887c-dca63255fc3b,1,1,1,-38
30,98:04:ED:C0:E4:41,2020-07-17 03:53:27.007903,74278bda-b644-4520-8f0c-720eaf059935,1,28336,197,-84
31,DC:A6:32:55:FC:3E,2020-07-17 03:53:27.007903,aede318c-caf8-11ea-887c-dca63255fc3b,1,1,1,-35
32,98:04:ED:C0:E4:41,2020-07-17 03:53:28.016639,74278bda-b644-4520-8f0c-720eaf059935,1,28336,197,-85
33,DC:A6:32:55:FC:3E,2020-07-17 03:53:28.016639,aede318c-caf8-11ea-887c-dca63255fc3b,1,1,1,-39
34,98:04:ED:C0:E4:41,2020-07-17 03:53:29.032858,74278bda-b644-4520-8f0c-720eaf059935,1,28336,197,-89
35,DC:A6:32:55:FC:3E,2020-07-17 03:53:29.032858,aede318c-caf8-11ea-887c-dca63255fc3b,1,1,1,-42
36,98:04:ED:C0:E4:41,2020-07-17 03:53:30.032971,74278bda-b644-4520-8f0c-720eaf059935,1,28336,197,-92
37,DC:A6:32:55:FC:3E,2020-07-17 03:53:30.032971,aede318c-caf8-11ea-887c-dca63255fc3b,1,1,1,-42
38,98:04:ED:C0:E4:41,2020-07-17 03:53:31.552947,74278bda-b644-4520-8f0c-720eaf059935,1,28336,197,-84
39,DC:A6:32:55:FC:3E,2020-07-17 03:53:31.552947,aede318c-caf8-11ea-887c-dca63255fc3b,1,1,1,-42
40,98:04:ED:C0:E4:41,2020-07-17 03:53:32.071656,74278bda-b644-4520-8f0c-720eaf059935,1,28336,197,-91
41,DC:A6:32:55:FC:3E,2020-07-17 03:53:32.071656,aede318c-caf8-11ea-887c-dca63255fc3b,1,1,1,-35
42,98:04:ED:C0:E4:41,2020-07-17 03:53:33.014855,74278bda-b644-4520-8f0c-720eaf059935,1,28336,197,-85
43,DC:A6:32:55:FC:3E,2020-07-17 03:53:33.014855,aede318c-caf8-11ea-887c-dca63255fc3b,1,1,1,-35
44,98:04:ED:C0:E4:41,2020-07-17 03:53:34.348005,74278bda-b644-4520-8f0c-720eaf059935,1,28336,197,-83
45,DC:A6:32:55:FC:3E,2020-07-17 03:53:34.348005,aede318c-caf8-11ea-887c-dca63255fc3b,1,1,1,-36
46,98:04:ED:C0:E4:41,2020-07-17 03:53:35.205548,74278bda-b644-4520-8f0c-720eaf059935,1,28336,197,-84
47,DC:A6:32:55:FC:3E,2020-07-17 03:53:35.205548,aede318c-caf8-11ea-887c-dca63255fc3b,1,1,1,-39
48,98:04:ED:C0:E4:41,2020-07-17 03:53:36.076893,74278bda-b644-4520-8f0c-720eaf059935,1,28336,197,-91
49,DC:A6:32:55:FC:3E,2020-07-17 03:53:36.076893,aede318c-caf8-11ea-887c-dca63255fc3b,1,1,1,-42
50,98:04:ED:C0:E4:41,2020-07-17 03:53:37.036784,74278bda-b644-4520-8f0c-720eaf059935,1,28336,197,-86
51,DC:A6:32:55:FC:3E,2020-07-17 03:53:37.036784,aede318c-caf8-11ea-887c-dca63255fc3b,1,1,1,-38
52,98:04:ED:C0:E4:41,2020-07-17 03:53:38.119289,74278bda-b644-4520-8f0c-720eaf059935,1,28336,197,-93
53,DC:A6:32:55:FC:3E,2020-07-17 03:53:38.119289,aede318c-caf8-11ea-887c-dca63255fc3b,1,1,1,-39
54,98:04:ED:C0:E4:41,2020-07-17 03:53:39.048703,74278bda-b644-4520-8f0c-720eaf059935,1,28336,197,-83
55,DC:A6:32:55:FC:3E,2020-07-17 03:53:39.048703,aede318c-caf8-11ea-887c-dca63255fc3b,1,1,1,-39
56,98:04:ED:C0:E4:41,2020-07-17 03:53:40.485725,74278bda-b644-4520-8f0c-720eaf059935,1,28336,197,-83
57,DC:A6:32:55:FC:3E,2020-07-17 03:53:40.485725,aede318c-caf8-11ea-887c-dca63255fc3b,1,1,1,-39
58,98:04:ED:C0:E4:41,2020-07-17 03:53:41.021885,74278bda-b644-4520-8f0c-720eaf059935,1,28336,197,-91
59,DC:A6:32:55:FC:3E,2020-07-17 03:53:41.021885,aede318c-caf8-11ea-887c-dca63255fc3b,1,1,1,-40
60,98:04:ED:C0:E4:41,2020-07-17 03:53:42.154535,74278bda-b644-4520-8f0c-720eaf059935,1,28336,197,-91
61,DC:A6:32:55:FC:3E,2020-07-17 03:53:42.154535,aede318c-caf8-11ea-887c-dca63255fc3b,1,1,1,-42
62,98:04:ED:C0:E4:41,2020-07-17 03:53:43.214506,74278bda-b644-4520-8f0c-720eaf059935,1,28336,197,-84
63,DC:A6:32:55:FC:3E,2020-07-17 03:53:43.214506,aede318c-caf8-11ea-887c-dca63255fc3b,1,1,1,-42
64,DC:A6:32:55:FC:3E,2020-07-17 03:53:44.025703,aede318c-caf8-11ea-887c-dca63255fc3b,1,1,1,-39
65,98:04:ED:C0:E4:41,2020-07-17 03:53:44.025703,74278bda-b644-4520-8f0c-720eaf059935,1,28336,197,-91
66,98:04:ED:C0:E4:41,2020-07-17 03:53:45.133310,74278bda-b644-4520-8f0c-720eaf059935,1,28336,197,-84
67,DC:A6:32:55:FC:3E,2020-07-17 03:53:45.133310,aede318c-caf8-11ea-887c-dca63255fc3b,1,1,1,-39
68,DC:A6:32:55:FC:3E,2020-07-17 03:53:46.083329,aede318c-caf8-11ea-887c-dca63255fc3b,1,1,1,-42
69,98:04:ED:C0:E4:41,2020-07-17 03:53:46.083329,74278bda-b644-4520-8f0c-720eaf059935,1,28336,197,-85
70,98:04:ED:C0:E4:41,2020-07-17 03:53:47.008284,74278bda-b644-4520-8f0c-720eaf059935,1,28336,197,-90
71,DC:A6:32:55:FC:3E,2020-07-17 03:53:47.008284,aede318c-caf8-11ea-887c-dca63255fc3b,1,1,1,-39
72,98:04:ED:C0:E4:41,2020-07-17 03:53:48.029639,74278bda-b644-4520-8f0c-720eaf059935,1,28336,197,-85
73,DC:A6:32:55:FC:3E,2020-07-17 03:53:48.029639,aede318c-caf8-11ea-887c-dca63255fc3b,1,1,1,-40
74,98:04:ED:C0:E4:41,2020-07-17 03:53:49.007056,74278bda-b644-4520-8f0c-720eaf059935,1,28336,197,-92
75,DC:A6:32:55:FC:3E,2020-07-17 03:53:49.007056,aede318c-caf8-11ea-887c-dca63255fc3b,1,1,1,-35
76,98:04:ED:C0:E4:41,2020-07-17 03:53:50.297142,74278bda-b644-4520-8f0c-720eaf059935,1,28336,197,-91
77,DC:A6:32:55:FC:3E,2020-07-17 03:53:50.297142,aede318c-caf8-11ea-887c-dca63255fc3b,1,1,1,-42
78,98:04:ED:C0:E4:41,2020-07-17 03:53:51.082138,74278bda-b644-4520-8f0c-720eaf059935,1,28336,197,-83
79,DC:A6:32:55:FC:3E,2020-07-17 03:53:51.082138,aede318c-caf8-11ea-887c-dca63255fc3b,1,1,1,-39
80,98:04:ED:C0:E4:41,2020-07-17 03:53:52.192133,74278bda-b644-4520-8f0c-720eaf059935,1,28336,197,-85
81,DC:A6:32:55:FC:3E,2020-07-17 03:53:52.192133,aede318c-caf8-11ea-887c-dca63255fc3b,1,1,1,-35
82,98:04:ED:C0:E4:41,2020-07-17 03:53:53.377186,74278bda-b644-4520-8f0c-720eaf059935,1,28336,197,-92
83,DC:A6:32:55:FC:3E,2020-07-17 03:53:53.377186,aede318c-caf8-11ea-887c-dca63255fc3b,1,1,1,-37
84,98:04:ED:C0:E4:41,2020-07-17 03:53:54.125954,74278bda-b644-4520-8f0c-720eaf059935,1,28336,197,-84
85,DC:A6:32:55:FC:3E,2020-07-17 03:53:54.125954,aede318c-caf8-11ea-887c-dca63255fc3b,1,1,1,-42
86,DC:A6:32:55:FC:3E,2020-07-17 03:53:55.183457,aede318c-caf8-11ea-887c-dca63255fc3b,1,1,1,-42
87,98:04:ED:C0:E4:41,2020-07-17 03:53:55.183457,74278bda-b644-4520-8f0c-720eaf059935,1,28336,197,-91
88,98:04:ED:C0:E4:41,2020-07-17 03:53:56.183639,74278bda-b644-4520-8f0c-720eaf059935,1,28336,197,-84
89,DC:A6:32:55:FC:3E,2020-07-17 03:53:56.183639,aede318c-caf8-11ea-887c-dca63255fc3b,1,1,1,-37
90,98:04:ED:C0:E4:41,2020-07-17 03:53:57.027274,74278bda-b644-4520-8f0c-720eaf059935,1,28336,197,-84
91,DC:A6:32:55:FC:3E,2020-07-17 03:53:57.027274,aede318c-caf8-11ea-887c-dca63255fc3b,1,1,1,-42
92,98:04:ED:C0:E4:41,2020-07-17 03:53:58.052269,74278bda-b644-4520-8f0c-720eaf059935,1,28336,197,-85
93,DC:A6:32:55:FC:3E,2020-07-17 03:53:58.052269,aede318c-caf8-11ea-887c-dca63255fc3b,1,1,1,-42
94,98:04:ED:C0:E4:41,2020-07-17 03:53:59.046018,74278bda-b644-4520-8f0c-720eaf059935,1,28336,197,-86
95,DC:A6:32:55:FC:3E,2020-07-17 03:53:59.046018,aede318c-caf8-11ea-887c-dca63255fc3b,1,1,1,-39
96,98:04:ED:C0:E4:41,2020-07-17 03:54:00.329890,74278bda-b644-4520-8f0c-720eaf059935,1,28336,197,-85
97,DC:A6:32:55:FC:3E,2020-07-17 03:54:00.329890,aede318c-caf8-11ea-887c-dca63255fc3b,1,1,1,-43
98,98:04:ED:C0:E4:41,2020-07-17 03:54:01.096068,74278bda-b644-4520-8f0c-720eaf059935,1,28336,197,-84
99,DC:A6:32:55:FC:3E,2020-07-17 03:54:01.096068,aede318c-caf8-11ea-887c-dca63255fc3b,1,1,1,-39
100,98:04:ED:C0:E4:41,2020-07-17 03:54:02.116123,74278bda-b644-4520-8f0c-720eaf059935,1,28336,197,-90
101,DC:A6:32:55:FC:3E,2020-07-17 03:54:02.116123,aede318c-caf8-11ea-887c-dca63255fc3b,1,1,1,-35
102,DC:A6:32:55:FC:3E,2020-07-17 03:54:03.073667,aede318c-caf8-11ea-887c-dca63255fc3b,1,1,1,-39
103,98:04:ED:C0:E4:41,2020-07-17 03:54:03.073667,74278bda-b644-4520-8f0c-720eaf059935,1,28336,197,-85
104,98:04:ED:C0:E4:41,2020-07-17 03:54:04.013659,74278bda-b644-4520-8f0c-720eaf059935,1,28336,197,-90
105,DC:A6:32:55:FC:3E,2020-07-17 03:54:04.013659,aede318c-caf8-11ea-887c-dca63255fc3b,1,1,1,-42
106,DC:A6:32:55:FC:3E,2020-07-17 03:54:05.482481,aede318c-caf8-11ea-887c-dca63255fc3b,1,1,1,-42
107,98:04:ED:C0:E4:41,2020-07-17 03:54:05.482481,74278bda-b644-4520-8f0c-720eaf059935,1,28336,197,-85
108,98:04:ED:C0:E4:41,2020-07-17 03:54:06.001857,74278bda-b644-4520-8f0c-720eaf059935,1,28336,197,-86
109,DC:A6:32:55:FC:3E,2020-07-17 03:54:06.001857,aede318c-caf8-11ea-887c-dca63255fc3b,1,1,1,-39
110,98:04:ED:C0:E4:41,2020-07-17 03:54:07.064951,74278bda-b644-4520-8f0c-720eaf059935,1,28336,197,-91
111,DC:A6:32:55:FC:3E,2020-07-17 03:54:07.064951,aede318c-caf8-11ea-887c-dca63255fc3b,1,1,1,-40
112,98:04:ED:C0:E4:41,2020-07-17 03:54:08.043742,74278bda-b644-4520-8f0c-720eaf059935,1,28336,197,-85
113,DC:A6:32:55:FC:3E,2020-07-17 03:54:08.043742,aede318c-caf8-11ea-887c-dca63255fc3b,1,1,1,-42
114,98:04:ED:C0:E4:41,2020-07-17 03:54:09.042519,74278bda-b644-4520-8f0c-720eaf059935,1,28336,197,-85
115,DC:A6:32:55:FC:3E,2020-07-17 03:54:09.042519,aede318c-caf8-11ea-887c-dca63255fc3b,1,1,1,-39
116,98:04:ED:C0:E4:41,2020-07-17 03:54:10.012551,74278bda-b644-4520-8f0c-720eaf059935,1,28336,197,-92
117,DC:A6:32:55:FC:3E,2020-07-17 03:54:10.012551,aede318c-caf8-11ea-887c-dca63255fc3b,1,1,1,-35
118,98:04:ED:C0:E4:41,2020-07-17 03:54:11.032641,74278bda-b644-4520-8f0c-720eaf059935,1,28336,197,-83
119,DC:A6:32:55:FC:3E,2020-07-17 03:54:11.032641,aede318c-caf8-11ea-887c-dca63255fc3b,1,1,1,-37
120,DC:A6:32:55:FC:3E,2020-07-17 03:54:12.049556,aede318c-caf8-11ea-887c-dca63255fc3b,1,1,1,-41
121,98:04:ED:C0:E4:41,2020-07-17 03:54:12.049556,74278bda-b644-4520-8f0c-720eaf059935,1,28336,197,-84
122,98:04:ED:C0:E4:41,2020-07-17 03:54:13.008866,74278bda-b644-4520-8f0c-720eaf059935,1,28336,197,-90
123,DC:A6:32:55:FC:3E,2020-07-17 03:54:13.008866,aede318c-caf8-11ea-887c-dca63255fc3b,1,1,1,-42
124,98:04:ED:C0:E4:41,2020-07-17 03:54:14.018861,74278bda-b644-4520-8f0c-720eaf059935,1,28336,197,-84
125,DC:A6:32:55:FC:3E,2020-07-17 03:54:14.018861,aede318c-caf8-11ea-887c-dca63255fc3b,1,1,1,-42
126,98:04:ED:C0:E4:41,2020-07-17 03:54:15.020241,74278bda-b644-4520-8f0c-720eaf059935,1,28336,197,-84
127,DC:A6:32:55:FC:3E,2020-07-17 03:54:15.020241,aede318c-caf8-11ea-887c-dca63255fc3b,1,1,1,-42
128,98:04:ED:C0:E4:41,2020-07-17 03:54:16.065793,74278bda-b644-4520-8f0c-720eaf059935,1,28336,197,-92
129,DC:A6:32:55:FC:3E,2020-07-17 03:54:16.065793,aede318c-caf8-11ea-887c-dca63255fc3b,1,1,1,-37
130,DC:A6:32:55:FC:3E,2020-07-17 03:54:17.012670,aede318c-caf8-11ea-887c-dca63255fc3b,1,1,1,-41
131,98:04:ED:C0:E4:41,2020-07-17 03:54:17.012670,74278bda-b644-4520-8f0c-720eaf059935,1,28336,197,-91
132,98:04:ED:C0:E4:41,2020-07-17 03:54:18.316551,74278bda-b644-4520-8f0c-720eaf059935,1,28336,197,-84
133,DC:A6:32:55:FC:3E,2020-07-17 03:54:18.316551,aede318c-caf8-11ea-887c-dca63255fc3b,1,1,1,-39
134,98:04:ED:C0:E4:41,2020-07-17 03:54:19.062727,74278bda-b644-4520-8f0c-720eaf059935,1,28336,197,-83
135,DC:A6:32:55:FC:3E,2020-07-17 03:54:19.062727,aede318c-caf8-11ea-887c-dca63255fc3b,1,1,1,-42
136,98:04:ED:C0:E4:41,2020-07-17 03:54:20.088417,74278bda-b644-4520-8f0c-720eaf059935,1,28336,197,-83
137,DC:A6:32:55:FC:3E,2020-07-17 03:54:20.088417,aede318c-caf8-11ea-887c-dca63255fc3b,1,1,1,-42
138,98:04:ED:C0:E4:41,2020-07-17 03:54:21.042874,74278bda-b644-4520-8f0c-720eaf059935,1,28336,197,-92
139,DC:A6:32:55:FC:3E,2020-07-17 03:54:21.042874,aede318c-caf8-11ea-887c-dca63255fc3b,1,1,1,-39
140,98:04:ED:C0:E4:41,2020-07-17 03:54:22.107835,74278bda-b644-4520-8f0c-720eaf059935,1,28336,197,-85
141,DC:A6:32:55:FC:3E,2020-07-17 03:54:22.107835,aede318c-caf8-11ea-887c-dca63255fc3b,1,1,1,-39
142,DC:A6:32:55:FC:3E,2020-07-17 03:54:23.064115,aede318c-caf8-11ea-887c-dca63255fc3b,1,1,1,-42
143,98:04:ED:C0:E4:41,2020-07-17 03:54:23.064115,74278bda-b644-4520-8f0c-720eaf059935,1,28336,197,-92
144,98:04:ED:C0:E4:41,2020-07-17 03:54:24.335489,74278bda-b644-4520-8f0c-720eaf059935,1,28336,197,-84
145,DC:A6:32:55:FC:3E,2020-07-17 03:54:24.335489,aede318c-caf8-11ea-887c-dca63255fc3b,1,1,1,-41
146,98:04:ED:C0:E4:41,2020-07-17 03:54:25.041639,74278bda-b644-4520-8f0c-720eaf059935,1,28336,197,-93
147,DC:A6:32:55:FC:3E,2020-07-17 03:54:25.041639,aede318c-caf8-11ea-887c-dca63255fc3b,1,1,1,-42
148,DC:A6:32:55:FC:3E,2020-07-17 03:54:26.235386,aede318c-caf8-11ea-887c-dca63255fc3b,1,1,1,-37
149,98:04:ED:C0:E4:41,2020-07-17 03:54:26.235386,74278bda-b644-4520-8f0c-720eaf059935,1,28336,197,-84
150,98:04:ED:C0:E4:41,2020-07-17 03:54:27.157955,74278bda-b644-4520-8f0c-720eaf059935,1,28336,197,-93
151,DC:A6:32:55:FC:3E,2020-07-17 03:54:27.157955,aede318c-caf8-11ea-887c-dca63255fc3b,1,1,1,-42
152,98:04:ED:C0:E4:41,2020-07-17 03:54:28.009173,74278bda-b644-4520-8f0c-720eaf059935,1,28336,197,-84
153,DC:A6:32:55:FC:3E,2020-07-17 03:54:28.009173,aede318c-caf8-11ea-887c-dca63255fc3b,1,1,1,-42
154,98:04:ED:C0:E4:41,2020-07-17 03:54:29.030437,74278bda-b644-4520-8f0c-720eaf059935,1,28336,197,-84
155,DC:A6:32:55:FC:3E,2020-07-17 03:54:29.030437,aede318c-caf8-11ea-887c-dca63255fc3b,1,1,1,-40
156,98:04:ED:C0:E4:41,2020-07-17 03:54:30.036824,74278bda-b644-4520-8f0c-720eaf059935,1,28336,197,-82
157,DC:A6:32:55:FC:3E,2020-07-17 03:54:30.036824,aede318c-caf8-11ea-887c-dca63255fc3b,1,1,1,-39
158,98:04:ED:C0:E4:41,2020-07-17 03:54:31.110527,74278bda-b644-4520-8f0c-720eaf059935,1,28336,197,-84
159,DC:A6:32:55:FC:3E,2020-07-17 03:54:31.110527,aede318c-caf8-11ea-887c-dca63255fc3b,1,1,1,-35
160,98:04:ED:C0:E4:41,2020-07-17 03:54:32.020527,74278bda-b644-4520-8f0c-720eaf059935,1,28336,197,-84
161,DC:A6:32:55:FC:3E,2020-07-17 03:54:32.020527,aede318c-caf8-11ea-887c-dca63255fc3b,1,1,1,-35
162,98:04:ED:C0:E4:41,2020-07-17 03:54:33.158160,74278bda-b644-4520-8f0c-720eaf059935,1,28336,197,-84
163,DC:A6:32:55:FC:3E,2020-07-17 03:54:33.158160,aede318c-caf8-11ea-887c-dca63255fc3b,1,1,1,-37
164,98:04:ED:C0:E4:41,2020-07-17 03:54:34.019949,74278bda-b644-4520-8f0c-720eaf059935,1,28336,197,-90
165,DC:A6:32:55:FC:3E,2020-07-17 03:54:34.019949,aede318c-caf8-11ea-887c-dca63255fc3b,1,1,1,-42
166,98:04:ED:C0:E4:41,2020-07-17 03:54:35.023088,74278bda-b644-4520-8f0c-720eaf059935,1,28336,197,-84
167,DC:A6:32:55:FC:3E,2020-07-17 03:54:35.023088,aede318c-caf8-11ea-887c-dca63255fc3b,1,1,1,-35
168,DC:A6:32:55:FC:3E,2020-07-17 03:54:36.234465,aede318c-caf8-11ea-887c-dca63255fc3b,1,1,1,-42
169,98:04:ED:C0:E4:41,2020-07-17 03:54:36.234465,74278bda-b644-4520-8f0c-720eaf059935,1,28336,197,-84
170,98:04:ED:C0:E4:41,2020-07-17 03:54:37.035657,74278bda-b644-4520-8f0c-720eaf059935,1,28336,197,-84
171,DC:A6:32:55:FC:3E,2020-07-17 03:54:37.035657,aede318c-caf8-11ea-887c-dca63255fc3b,1,1,1,-36
172,98:04:ED:C0:E4:41,2020-07-17 03:54:38.016882,74278bda-b644-4520-8f0c-720eaf059935,1,28336,197,-83
173,DC:A6:32:55:FC:3E,2020-07-17 03:54:38.016882,aede318c-caf8-11ea-887c-dca63255fc3b,1,1,1,-39
174,98:04:ED:C0:E4:41,2020-07-17 03:54:39.176403,74278bda-b644-4520-8f0c-720eaf059935,1,28336,197,-83
175,DC:A6:32:55:FC:3E,2020-07-17 03:54:39.176403,aede318c-caf8-11ea-887c-dca63255fc3b,1,1,1,-39
176,98:04:ED:C0:E4:41,2020-07-17 03:54:40.021977,74278bda-b644-4520-8f0c-720eaf059935,1,28336,197,-84
177,DC:A6:32:55:FC:3E,2020-07-17 03:54:40.021977,aede318c-caf8-11ea-887c-dca63255fc3b,1,1,1,-39
178,DC:A6:32:55:FC:3E,2020-07-17 03:54:41.101968,aede318c-caf8-11ea-887c-dca63255fc3b,1,1,1,-39
179,98:04:ED:C0:E4:41,2020-07-17 03:54:41.101968,74278bda-b644-4520-8f0c-720eaf059935,1,28336,197,-83
180,98:04:ED:C0:E4:41,2020-07-17 03:54:42.133361,74278bda-b644-4520-8f0c-720eaf059935,1,28336,197,-84
181,DC:A6:32:55:FC:3E,2020-07-17 03:54:42.133361,aede318c-caf8-11ea-887c-dca63255fc3b,1,1,1,-40
182,98:04:ED:C0:E4:41,2020-07-17 03:54:43.108362,74278bda-b644-4520-8f0c-720eaf059935,1,28336,197,-90
183,DC:A6:32:55:FC:3E,2020-07-17 03:54:43.108362,aede318c-caf8-11ea-887c-dca63255fc3b,1,1,1,-37
184,98:04:ED:C0:E4:41,2020-07-17 03:54:45.113367,74278bda-b644-4520-8f0c-720eaf059935,1,28336,197,-85
185,DC:A6:32:55:FC:3E,2020-07-17 03:54:45.113367,aede318c-caf8-11ea-887c-dca63255fc3b,1,1,1,-35
186,98:04:ED:C0:E4:41,2020-07-17 03:54:46.135929,74278bda-b644-4520-8f0c-720eaf059935,1,28336,197,-83
187,DC:A6:32:55:FC:3E,2020-07-17 03:54:46.135929,aede318c-caf8-11ea-887c-dca63255fc3b,1,1,1,-38
188,98:04:ED:C0:E4:41,2020-07-17 03:54:47.080218,74278bda-b644-4520-8f0c-720eaf059935,1,28336,197,-91
189,DC:A6:32:55:FC:3E,2020-07-17 03:54:47.080218,aede318c-caf8-11ea-887c-dca63255fc3b,1,1,1,-42
190,98:04:ED:C0:E4:41,2020-07-17 03:54:48.038529,74278bda-b644-4520-8f0c-720eaf059935,1,28336,197,-86
191,DC:A6:32:55:FC:3E,2020-07-17 03:54:48.038529,aede318c-caf8-11ea-887c-dca63255fc3b,1,1,1,-39
192,98:04:ED:C0:E4:41,2020-07-17 03:54:49.145937,74278bda-b644-4520-8f0c-720eaf059935,1,28336,197,-84
193,DC:A6:32:55:FC:3E,2020-07-17 03:54:49.145937,aede318c-caf8-11ea-887c-dca63255fc3b,1,1,1,-41
194,DC:A6:32:55:FC:3E,2020-07-17 03:54:50.648444,aede318c-caf8-11ea-887c-dca63255fc3b,1,1,1,-35
195,98:04:ED:C0:E4:41,2020-07-17 03:54:50.648444,74278bda-b644-4520-8f0c-720eaf059935,1,28336,197,-91
196,98:04:ED:C0:E4:41,2020-07-17 03:54:51.386012,74278bda-b644-4520-8f0c-720eaf059935,1,28336,197,-90
197,DC:A6:32:55:FC:3E,2020-07-17 03:54:51.386012,aede318c-caf8-11ea-887c-dca63255fc3b,1,1,1,-35
198,98:04:ED:C0:E4:41,2020-07-17 03:54:52.098450,74278bda-b644-4520-8f0c-720eaf059935,1,28336,197,-91
199,DC:A6:32:55:FC:3E,2020-07-17 03:54:52.098450,aede318c-caf8-11ea-887c-dca63255fc3b,1,1,1,-35
200,98:04:ED:C0:E4:41,2020-07-17 03:54:53.053506,74278bda-b644-4520-8f0c-720eaf059935,1,28336,197,-84
201,DC:A6:32:55:FC:3E,2020-07-17 03:54:53.053506,aede318c-caf8-11ea-887c-dca63255fc3b,1,1,1,-39
202,98:04:ED:C0:E4:41,2020-07-17 03:54:54.089188,74278bda-b644-4520-8f0c-720eaf059935,1,28336,197,-90
203,DC:A6:32:55:FC:3E,2020-07-17 03:54:54.089188,aede318c-caf8-11ea-887c-dca63255fc3b,1,1,1,-37
204,98:04:ED:C0:E4:41,2020-07-17 03:54:55.244355,74278bda-b644-4520-8f0c-720eaf059935,1,28336,197,-90
205,DC:A6:32:55:FC:3E,2020-07-17 03:54:55.244355,aede318c-caf8-11ea-887c-dca63255fc3b,1,1,1,-42
206,98:04:ED:C0:E4:41,2020-07-17 03:54:56.059190,74278bda-b644-4520-8f0c-720eaf059935,1,28336,197,-86
207,DC:A6:32:55:FC:3E,2020-07-17 03:54:56.059190,aede318c-caf8-11ea-887c-dca63255fc3b,1,1,1,-35
208,98:04:ED:C0:E4:41,2020-07-17 03:54:57.030485,74278bda-b644-4520-8f0c-720eaf059935,1,28336,197,-91
209,DC:A6:32:55:FC:3E,2020-07-17 03:54:57.030485,aede318c-caf8-11ea-887c-dca63255fc3b,1,1,1,-39
210,98:04:ED:C0:E4:41,2020-07-17 03:54:58.086145,74278bda-b644-4520-8f0c-720eaf059935,1,28336,197,-91
211,DC:A6:32:55:FC:3E,2020-07-17 03:54:58.086145,aede318c-caf8-11ea-887c-dca63255fc3b,1,1,1,-42
212,DC:A6:32:55:FC:3E,2020-07-17 03:54:59.063701,aede318c-caf8-11ea-887c-dca63255fc3b,1,1,1,-38
213,98:04:ED:C0:E4:41,2020-07-17 03:54:59.063701,74278bda-b644-4520-8f0c-720eaf059935,1,28336,197,-86
214,98:04:ED:C0:E4:41,2020-07-17 03:55:00.138748,74278bda-b644-4520-8f0c-720eaf059935,1,28336,197,-85
215,DC:A6:32:55:FC:3E,2020-07-17 03:55:00.138748,aede318c-caf8-11ea-887c-dca63255fc3b,1,1,1,-39
216,98:04:ED:C0:E4:41,2020-07-17 03:55:01.064978,74278bda-b644-4520-8f0c-720eaf059935,1,28336,197,-90
217,DC:A6:32:55:FC:3E,2020-07-17 03:55:01.064978,aede318c-caf8-11ea-887c-dca63255fc3b,1,1,1,-39
218,98:04:ED:C0:E4:41,2020-07-17 03:55:03.070016,74278bda-b644-4520-8f0c-720eaf059935,1,28336,197,-88
219,DC:A6:32:55:FC:3E,2020-07-17 03:55:03.070016,aede318c-caf8-11ea-887c-dca63255fc3b,1,1,1,-39
220,98:04:ED:C0:E4:41,2020-07-17 03:55:04.063857,74278bda-b644-4520-8f0c-720eaf059935,1,28336,197,-86
221,DC:A6:32:55:FC:3E,2020-07-17 03:55:04.063857,aede318c-caf8-11ea-887c-dca63255fc3b,1,1,1,-42
222,98:04:ED:C0:E4:41,2020-07-17 03:55:05.025012,74278bda-b644-4520-8f0c-720eaf059935,1,28336,197,-89
223,DC:A6:32:55:FC:3E,2020-07-17 03:55:05.025012,aede318c-caf8-11ea-887c-dca63255fc3b,1,1,1,-37
224,98:04:ED:C0:E4:41,2020-07-17 03:55:06.216344,74278bda-b644-4520-8f0c-720eaf059935,1,28336,197,-84
225,DC:A6:32:55:FC:3E,2020-07-17 03:55:06.216344,aede318c-caf8-11ea-887c-dca63255fc3b,1,1,1,-42
226,98:04:ED:C0:E4:41,2020-07-17 03:55:07.203930,74278bda-b644-4520-8f0c-720eaf059935,1,28336,197,-85
227,DC:A6:32:55:FC:3E,2020-07-17 03:55:07.203930,aede318c-caf8-11ea-887c-dca63255fc3b,1,1,1,-39
228,98:04:ED:C0:E4:41,2020-07-17 03:55:08.193924,74278bda-b644-4520-8f0c-720eaf059935,1,28336,197,-85
229,DC:A6:32:55:FC:3E,2020-07-17 03:55:08.193924,aede318c-caf8-11ea-887c-dca63255fc3b,1,1,1,-35
230,98:04:ED:C0:E4:41,2020-07-17 03:55:09.058866,74278bda-b644-4520-8f0c-720eaf059935,1,28336,197,-90
231,DC:A6:32:55:FC:3E,2020-07-17 03:55:09.058866,aede318c-caf8-11ea-887c-dca63255fc3b,1,1,1,-39
232,98:04:ED:C0:E4:41,2020-07-17 03:55:10.133981,74278bda-b644-4520-8f0c-720eaf059935,1,28336,197,-84
233,DC:A6:32:55:FC:3E,2020-07-17 03:55:10.133981,aede318c-caf8-11ea-887c-dca63255fc3b,1,1,1,-42
234,98:04:ED:C0:E4:41,2020-07-17 03:55:11.012714,74278bda-b644-4520-8f0c-720eaf059935,1,28336,197,-90
235,DC:A6:32:55:FC:3E,2020-07-17 03:55:11.012714,aede318c-caf8-11ea-887c-dca63255fc3b,1,1,1,-41
236,98:04:ED:C0:E4:41,2020-07-17 03:55:12.105217,74278bda-b644-4520-8f0c-720eaf059935,1,28336,197,-96
237,DC:A6:32:55:FC:3E,2020-07-17 03:55:12.105217,aede318c-caf8-11ea-887c-dca63255fc3b,1,1,1,-42
238,98:04:ED:C0:E4:41,2020-07-17 03:55:13.114133,74278bda-b644-4520-8f0c-720eaf059935,1,28336,197,-91
239,DC:A6:32:55:FC:3E,2020-07-17 03:55:13.114133,aede318c-caf8-11ea-887c-dca63255fc3b,1,1,1,-39
240,98:04:ED:C0:E4:41,2020-07-17 03:55:14.136471,74278bda-b644-4520-8f0c-720eaf059935,1,28336,197,-86
241,DC:A6:32:55:FC:3E,2020-07-17 03:55:14.136471,aede318c-caf8-11ea-887c-dca63255fc3b,1,1,1,-39
242,98:04:ED:C0:E4:41,2020-07-17 03:55:15.032751,74278bda-b644-4520-8f0c-720eaf059935,1,28336,197,-85
243,DC:A6:32:55:FC:3E,2020-07-17 03:55:15.032751,aede318c-caf8-11ea-887c-dca63255fc3b,1,1,1,-35
244,98:04:ED:C0:E4:41,2020-07-17 03:55:16.040904,74278bda-b644-4520-8f0c-720eaf059935,1,28336,197,-87
245,DC:A6:32:55:FC:3E,2020-07-17 03:55:16.040904,aede318c-caf8-11ea-887c-dca63255fc3b,1,1,1,-42
246,98:04:ED:C0:E4:41,2020-07-17 03:55:17.139649,74278bda-b644-4520-8f0c-720eaf059935,1,28336,197,-85
247,DC:A6:32:55:FC:3E,2020-07-17 03:55:17.139649,aede318c-caf8-11ea-887c-dca63255fc3b,1,1,1,-40
248,DC:A6:32:55:FC:3E,2020-07-17 03:55:18.009073,aede318c-caf8-11ea-887c-dca63255fc3b,1,1,1,-42
249,98:04:ED:C0:E4:41,2020-07-17 03:55:18.009073,74278bda-b644-4520-8f0c-720eaf059935,1,28336,197,-88
250,98:04:ED:C0:E4:41,2020-07-17 03:55:19.765442,74278bda-b644-4520-8f0c-720eaf059935,1,28336,197,-85
251,98:04:ED:C0:E4:41,2020-07-17 03:55:20.024169,74278bda-b644-4520-8f0c-720eaf059935,1,28336,197,-93
252,DC:A6:32:55:FC:3E,2020-07-17 03:55:20.024169,aede318c-caf8-11ea-887c-dca63255fc3b,1,1,1,-39
253,98:04:ED:C0:E4:41,2020-07-17 03:55:21.192963,74278bda-b644-4520-8f0c-720eaf059935,1,28336,197,-94
254,DC:A6:32:55:FC:3E,2020-07-17 03:55:21.192963,aede318c-caf8-11ea-887c-dca63255fc3b,1,1,1,-42
255,98:04:ED:C0:E4:41,2020-07-17 03:55:22.839208,74278bda-b644-4520-8f0c-720eaf059935,1,28336,197,-92
256,DC:A6:32:55:FC:3E,2020-07-17 03:55:22.839208,aede318c-caf8-11ea-887c-dca63255fc3b,1,1,1,-35
257,98:04:ED:C0:E4:41,2020-07-17 03:55:23.050397,74278bda-b644-4520-8f0c-720eaf059935,1,28336,197,-92
258,DC:A6:32:55:FC:3E,2020-07-17 03:55:23.050397,aede318c-caf8-11ea-887c-dca63255fc3b,1,1,1,-36
259,98:04:ED:C0:E4:41,2020-07-17 03:55:24.304227,74278bda-b644-4520-8f0c-720eaf059935,1,28336,197,-84
260,DC:A6:32:55:FC:3E,2020-07-17 03:55:24.304227,aede318c-caf8-11ea-887c-dca63255fc3b,1,1,1,-42
261,98:04:ED:C0:E4:41,2020-07-17 03:55:25.043017,74278bda-b644-4520-8f0c-720eaf059935,1,28336,197,-87
262,DC:A6:32:55:FC:3E,2020-07-17 03:55:25.043017,aede318c-caf8-11ea-887c-dca63255fc3b,1,1,1,-41
263,DC:A6:32:55:FC:3E,2020-07-17 03:55:26.303074,aede318c-caf8-11ea-887c-dca63255fc3b,1,1,1,-42
264,98:04:ED:C0:E4:41,2020-07-17 03:55:26.303074,74278bda-b644-4520-8f0c-720eaf059935,1,28336,197,-85
265,98:04:ED:C0:E4:41,2020-07-17 03:55:27.048055,74278bda-b644-4520-8f0c-720eaf059935,1,28336,197,-85
266,DC:A6:32:55:FC:3E,2020-07-17 03:55:27.048055,aede318c-caf8-11ea-887c-dca63255fc3b,1,1,1,-42
267,98:04:ED:C0:E4:41,2020-07-17 03:55:28.009324,74278bda-b644-4520-8f0c-720eaf059935,1,28336,197,-85
268,DC:A6:32:55:FC:3E,2020-07-17 03:55:28.009324,aede318c-caf8-11ea-887c-dca63255fc3b,1,1,1,-43
269,98:04:ED:C0:E4:41,2020-07-17 03:55:29.176862,74278bda-b644-4520-8f0c-720eaf059935,1,28336,197,-84
270,DC:A6:32:55:FC:3E,2020-07-17 03:55:29.176862,aede318c-caf8-11ea-887c-dca63255fc3b,1,1,1,-36
271,DC:A6:32:55:FC:3E,2020-07-17 03:55:30.029971,aede318c-caf8-11ea-887c-dca63255fc3b,1,1,1,-35
272,98:04:ED:C0:E4:41,2020-07-17 03:55:30.029971,74278bda-b644-4520-8f0c-720eaf059935,1,28336,197,-85
273,DC:A6:32:55:FC:3E,2020-07-17 03:55:31.371956,aede318c-caf8-11ea-887c-dca63255fc3b,1,1,1,-42
274,98:04:ED:C0:E4:41,2020-07-17 03:55:31.371956,74278bda-b644-4520-8f0c-720eaf059935,1,28336,197,-84
275,98:04:ED:C0:E4:41,2020-07-17 03:55:32.048119,74278bda-b644-4520-8f0c-720eaf059935,1,28336,197,-85
276,DC:A6:32:55:FC:3E,2020-07-17 03:55:32.048119,aede318c-caf8-11ea-887c-dca63255fc3b,1,1,1,-43
277,98:04:ED:C0:E4:41,2020-07-17 03:55:33.183130,74278bda-b644-4520-8f0c-720eaf059935,1,28336,197,-85
278,DC:A6:32:55:FC:3E,2020-07-17 03:55:33.183130,aede318c-caf8-11ea-887c-dca63255fc3b,1,1,1,-42
279,DC:A6:32:55:FC:3E,2020-07-17 03:55:34.042547,aede318c-caf8-11ea-887c-dca63255fc3b,1,1,1,-42
280,98:04:ED:C0:E4:41,2020-07-17 03:55:34.042547,74278bda-b644-4520-8f0c-720eaf059935,1,28336,197,-85
281,98:04:ED:C0:E4:41,2020-07-17 03:55:35.054429,74278bda-b644-4520-8f0c-720eaf059935,1,28336,197,-85
282,DC:A6:32:55:FC:3E,2020-07-17 03:55:35.054429,aede318c-caf8-11ea-887c-dca63255fc3b,1,1,1,-39
283,98:04:ED:C0:E4:41,2020-07-17 03:55:36.083211,74278bda-b644-4520-8f0c-720eaf059935,1,28336,197,-85
284,DC:A6:32:55:FC:3E,2020-07-17 03:55:36.083211,aede318c-caf8-11ea-887c-dca63255fc3b,1,1,1,-37
285,98:04:ED:C0:E4:41,2020-07-17 03:55:37.011368,74278bda-b644-4520-8f0c-720eaf059935,1,28336,197,-86
286,DC:A6:32:55:FC:3E,2020-07-17 03:55:37.011368,aede318c-caf8-11ea-887c-dca63255fc3b,1,1,1,-42
287,98:04:ED:C0:E4:41,2020-07-17 03:55:38.075809,74278bda-b644-4520-8f0c-720eaf059935,1,28336,197,-91
288,DC:A6:32:55:FC:3E,2020-07-17 03:55:38.075809,aede318c-caf8-11ea-887c-dca63255fc3b,1,1,1,-42
289,98:04:ED:C0:E4:41,2020-07-17 03:55:40.080849,74278bda-b644-4520-8f0c-720eaf059935,1,28336,197,-84
290,DC:A6:32:55:FC:3E,2020-07-17 03:55:40.080849,aede318c-caf8-11ea-887c-dca63255fc3b,1,1,1,-38
291,98:04:ED:C0:E4:41,2020-07-17 03:55:41.237085,74278bda-b644-4520-8f0c-720eaf059935,1,28336,197,-84
292,DC:A6:32:55:FC:3E,2020-07-17 03:55:41.237085,aede318c-caf8-11ea-887c-dca63255fc3b,1,1,1,-39
293,98:04:ED:C0:E4:41,2020-07-17 03:55:42.024623,74278bda-b644-4520-8f0c-720eaf059935,1,28336,197,-84
294,DC:A6:32:55:FC:3E,2020-07-17 03:55:42.024623,aede318c-caf8-11ea-887c-dca63255fc3b,1,1,1,-37
295,98:04:ED:C0:E4:41,2020-07-17 03:55:44.029747,74278bda-b644-4520-8f0c-720eaf059935,1,28336,197,-85
296,DC:A6:32:55:FC:3E,2020-07-17 03:55:44.029747,aede318c-caf8-11ea-887c-dca63255fc3b,1,1,1,-39
297,98:04:ED:C0:E4:41,2020-07-17 03:55:45.107266,74278bda-b644-4520-8f0c-720eaf059935,1,28336,197,-91
298,DC:A6:32:55:FC:3E,2020-07-17 03:55:45.107266,aede318c-caf8-11ea-887c-dca63255fc3b,1,1,1,-42
299,98:04:ED:C0:E4:41,2020-07-17 03:55:46.030962,74278bda-b644-4520-8f0c-720eaf059935,1,28336,197,-85
300,DC:A6:32:55:FC:3E,2020-07-17 03:55:46.030962,aede318c-caf8-11ea-887c-dca63255fc3b,1,1,1,-40
301,98:04:ED:C0:E4:41,2020-07-17 03:55:47.132217,74278bda-b644-4520-8f0c-720eaf059935,1,28336,197,-92
302,DC:A6:32:55:FC:3E,2020-07-17 03:55:47.132217,aede318c-caf8-11ea-887c-dca63255fc3b,1,1,1,-35
303,98:04:ED:C0:E4:41,2020-07-17 03:55:48.058486,74278bda-b644-4520-8f0c-720eaf059935,1,28336,197,-91
304,DC:A6:32:55:FC:3E,2020-07-17 03:55:48.058486,aede318c-caf8-11ea-887c-dca63255fc3b,1,1,1,-39
305,98:04:ED:C0:E4:41,2020-07-17 03:55:49.149834,74278bda-b644-4520-8f0c-720eaf059935,1,28336,197,-91
306,DC:A6:32:55:FC:3E,2020-07-17 03:55:49.149834,aede318c-caf8-11ea-887c-dca63255fc3b,1,1,1,-42
307,98:04:ED:C0:E4:41,2020-07-17 03:55:50.016091,74278bda-b644-4520-8f0c-720eaf059935,1,28336,197,-90
308,DC:A6:32:55:FC:3E,2020-07-17 03:55:50.016091,aede318c-caf8-11ea-887c-dca63255fc3b,1,1,1,-42
309,98:04:ED:C0:E4:41,2020-07-17 03:55:51.086149,74278bda-b644-4520-8f0c-720eaf059935,1,28336,197,-85
310,DC:A6:32:55:FC:3E,2020-07-17 03:55:51.086149,aede318c-caf8-11ea-887c-dca63255fc3b,1,1,1,-39
311,98:04:ED:C0:E4:41,2020-07-17 03:55:52.154317,74278bda-b644-4520-8f0c-720eaf059935,1,28336,197,-84
312,DC:A6:32:55:FC:3E,2020-07-17 03:55:52.154317,aede318c-caf8-11ea-887c-dca63255fc3b,1,1,1,-39
313,98:04:ED:C0:E4:41,2020-07-17 03:55:53.004912,74278bda-b644-4520-8f0c-720eaf059935,1,28336,197,-92
314,DC:A6:32:55:FC:3E,2020-07-17 03:55:53.004912,aede318c-caf8-11ea-887c-dca63255fc3b,1,1,1,-37
315,98:04:ED:C0:E4:41,2020-07-17 03:55:54.104930,74278bda-b644-4520-8f0c-720eaf059935,1,28336,197,-91
316,DC:A6:32:55:FC:3E,2020-07-17 03:55:54.104930,aede318c-caf8-11ea-887c-dca63255fc3b,1,1,1,-42
317,98:04:ED:C0:E4:41,2020-07-17 03:55:55.127428,74278bda-b644-4520-8f0c-720eaf059935,1,28336,197,-84
318,DC:A6:32:55:FC:3E,2020-07-17 03:55:55.127428,aede318c-caf8-11ea-887c-dca63255fc3b,1,1,1,-38
319,DC:A6:32:55:FC:3E,2020-07-17 03:55:56.481323,aede318c-caf8-11ea-887c-dca63255fc3b,1,1,1,-37
320,98:04:ED:C0:E4:41,2020-07-17 03:55:56.481323,74278bda-b644-4520-8f0c-720eaf059935,1,28336,197,-85
321,98:04:ED:C0:E4:41,2020-07-17 03:55:57.027434,74278bda-b644-4520-8f0c-720eaf059935,1,28336,197,-91
322,DC:A6:32:55:FC:3E,2020-07-17 03:55:57.027434,aede318c-caf8-11ea-887c-dca63255fc3b,1,1,1,-38
323,98:04:ED:C0:E4:41,2020-07-17 03:55:58.680053,74278bda-b644-4520-8f0c-720eaf059935,1,28336,197,-84
324,DC:A6:32:55:FC:3E,2020-07-17 03:55:58.680053,aede318c-caf8-11ea-887c-dca63255fc3b,1,1,1,-38
325,98:04:ED:C0:E4:41,2020-07-17 03:55:59.006183,74278bda-b644-4520-8f0c-720eaf059935,1,28336,197,-91
326,DC:A6:32:55:FC:3E,2020-07-17 03:55:59.006183,aede318c-caf8-11ea-887c-dca63255fc3b,1,1,1,-36
327,98:04:ED:C0:E4:41,2020-07-17 03:56:00.019988,74278bda-b644-4520-8f0c-720eaf059935,1,28336,197,-83
328,DC:A6:32:55:FC:3E,2020-07-17 03:56:00.019988,aede318c-caf8-11ea-887c-dca63255fc3b,1,1,1,-42
329,98:04:ED:C0:E4:41,2020-07-17 03:56:01.125125,74278bda-b644-4520-8f0c-720eaf059935,1,28336,197,-84
330,DC:A6:32:55:FC:3E,2020-07-17 03:56:01.125125,aede318c-caf8-11ea-887c-dca63255fc3b,1,1,1,-42
331,98:04:ED:C0:E4:41,2020-07-17 03:56:02.225081,74278bda-b644-4520-8f0c-720eaf059935,1,28336,197,-91
332,DC:A6:32:55:FC:3E,2020-07-17 03:56:02.225081,aede318c-caf8-11ea-887c-dca63255fc3b,1,1,1,-43
333,98:04:ED:C0:E4:41,2020-07-17 03:56:03.020695,74278bda-b644-4520-8f0c-720eaf059935,1,28336,197,-83
334,DC:A6:32:55:FC:3E,2020-07-17 03:56:03.020695,aede318c-caf8-11ea-887c-dca63255fc3b,1,1,1,-42
335,98:04:ED:C0:E4:41,2020-07-17 03:56:04.220146,74278bda-b644-4520-8f0c-720eaf059935,1,28336,197,-85
336,DC:A6:32:55:FC:3E,2020-07-17 03:56:04.220146,aede318c-caf8-11ea-887c-dca63255fc3b,1,1,1,-39
337,98:04:ED:C0:E4:41,2020-07-17 03:56:05.168927,74278bda-b644-4520-8f0c-720eaf059935,1,28336,197,-85
338,DC:A6:32:55:FC:3E,2020-07-17 03:56:05.168927,aede318c-caf8-11ea-887c-dca63255fc3b,1,1,1,-42
339,DC:A6:32:55:FC:3E,2020-07-17 03:56:06.062678,aede318c-caf8-11ea-887c-dca63255fc3b,1,1,1,-43
340,98:04:ED:C0:E4:41,2020-07-17 03:56:06.062678,74278bda-b644-4520-8f0c-720eaf059935,1,28336,197,-91
341,98:04:ED:C0:E4:41,2020-07-17 03:56:07.080194,74278bda-b644-4520-8f0c-720eaf059935,1,28336,197,-91
342,DC:A6:32:55:FC:3E,2020-07-17 03:56:07.080194,aede318c-caf8-11ea-887c-dca63255fc3b,1,1,1,-39
343,98:04:ED:C0:E4:41,2020-07-17 03:56:08.098923,74278bda-b644-4520-8f0c-720eaf059935,1,28336,197,-90
344,DC:A6:32:55:FC:3E,2020-07-17 03:56:08.098923,aede318c-caf8-11ea-887c-dca63255fc3b,1,1,1,-35
345,98:04:ED:C0:E4:41,2020-07-17 03:56:09.087688,74278bda-b644-4520-8f0c-720eaf059935,1,28336,197,-90
346,DC:A6:32:55:FC:3E,2020-07-17 03:56:09.087688,aede318c-caf8-11ea-887c-dca63255fc3b,1,1,1,-42
347,98:04:ED:C0:E4:41,2020-07-17 03:56:10.135267,74278bda-b644-4520-8f0c-720eaf059935,1,28336,197,-83
348,DC:A6:32:55:FC:3E,2020-07-17 03:56:10.135267,aede318c-caf8-11ea-887c-dca63255fc3b,1,1,1,-38
349,DC:A6:32:55:FC:3E,2020-07-17 03:56:11.176593,aede318c-caf8-11ea-887c-dca63255fc3b,1,1,1,-35
350,98:04:ED:C0:E4:41,2020-07-17 03:56:11.176593,74278bda-b644-4520-8f0c-720eaf059935,1,28336,197,-93
351,98:04:ED:C0:E4:41,2020-07-17 03:56:12.116517,74278bda-b644-4520-8f0c-720eaf059935,1,28336,197,-85
352,DC:A6:32:55:FC:3E,2020-07-17 03:56:12.116517,aede318c-caf8-11ea-887c-dca63255fc3b,1,1,1,-37
353,98:04:ED:C0:E4:41,2020-07-17 03:56:13.458425,74278bda-b644-4520-8f0c-720eaf059935,1,28336,197,-85
354,DC:A6:32:55:FC:3E,2020-07-17 03:56:13.458425,aede318c-caf8-11ea-887c-dca63255fc3b,1,1,1,-42
355,98:04:ED:C0:E4:41,2020-07-17 03:56:14.200897,74278bda-b644-4520-8f0c-720eaf059935,1,28336,197,-86
356,DC:A6:32:55:FC:3E,2020-07-17 03:56:14.200897,aede318c-caf8-11ea-887c-dca63255fc3b,1,1,1,-39
357,98:04:ED:C0:E4:41,2020-07-17 03:56:15.067877,74278bda-b644-4520-8f0c-720eaf059935,1,28336,197,-84
358,DC:A6:32:55:FC:3E,2020-07-17 03:56:15.067877,aede318c-caf8-11ea-887c-dca63255fc3b,1,1,1,-35
359,98:04:ED:C0:E4:41,2020-07-17 03:56:16.342369,74278bda-b644-4520-8f0c-720eaf059935,1,28336,197,-85
360,DC:A6:32:55:FC:3E,2020-07-17 03:56:16.342369,aede318c-caf8-11ea-887c-dca63255fc3b,1,1,1,-36
361,98:04:ED:C0:E4:41,2020-07-17 03:56:17.017923,74278bda-b644-4520-8f0c-720eaf059935,1,28336,197,-93
362,DC:A6:32:55:FC:3E,2020-07-17 03:56:17.017923,aede318c-caf8-11ea-887c-dca63255fc3b,1,1,1,-43
363,98:04:ED:C0:E4:41,2020-07-17 03:56:19.022950,74278bda-b644-4520-8f0c-720eaf059935,1,28336,197,-85
364,DC:A6:32:55:FC:3E,2020-07-17 03:56:19.022950,aede318c-caf8-11ea-887c-dca63255fc3b,1,1,1,-40
365,98:04:ED:C0:E4:41,2020-07-17 03:56:20.295443,74278bda-b644-4520-8f0c-720eaf059935,1,28336,197,-92
366,DC:A6:32:55:FC:3E,2020-07-17 03:56:20.295443,aede318c-caf8-11ea-887c-dca63255fc3b,1,1,1,-42
367,98:04:ED:C0:E4:41,2020-07-17 03:56:21.127999,74278bda-b644-4520-8f0c-720eaf059935,1,28336,197,-91
368,DC:A6:32:55:FC:3E,2020-07-17 03:56:21.127999,aede318c-caf8-11ea-887c-dca63255fc3b,1,1,1,-42
369,98:04:ED:C0:E4:41,2020-07-17 03:56:22.180524,74278bda-b644-4520-8f0c-720eaf059935,1,28336,197,-92
370,DC:A6:32:55:FC:3E,2020-07-17 03:56:22.180524,aede318c-caf8-11ea-887c-dca63255fc3b,1,1,1,-42
371,DC:A6:32:55:FC:3E,2020-07-17 03:56:23.010562,aede318c-caf8-11ea-887c-dca63255fc3b,1,1,1,-42
372,98:04:ED:C0:E4:41,2020-07-17 03:56:23.010562,74278bda-b644-4520-8f0c-720eaf059935,1,28336,197,-85
373,98:04:ED:C0:E4:41,2020-07-17 03:56:24.366785,74278bda-b644-4520-8f0c-720eaf059935,1,28336,197,-83
374,DC:A6:32:55:FC:3E,2020-07-17 03:56:24.366785,aede318c-caf8-11ea-887c-dca63255fc3b,1,1,1,-35
375,98:04:ED:C0:E4:41,2020-07-17 03:56:25.406840,74278bda-b644-4520-8f0c-720eaf059935,1,28336,197,-85
376,DC:A6:32:55:FC:3E,2020-07-17 03:56:25.406840,aede318c-caf8-11ea-887c-dca63255fc3b,1,1,1,-37
377,98:04:ED:C0:E4:41,2020-07-17 03:56:26.028683,74278bda-b644-4520-8f0c-720eaf059935,1,28336,197,-91
378,DC:A6:32:55:FC:3E,2020-07-17 03:56:26.028683,aede318c-caf8-11ea-887c-dca63255fc3b,1,1,1,-39
379,98:04:ED:C0:E4:41,2020-07-17 03:56:27.019331,74278bda-b644-4520-8f0c-720eaf059935,1,28336,197,-85
380,DC:A6:32:55:FC:3E,2020-07-17 03:56:27.019331,aede318c-caf8-11ea-887c-dca63255fc3b,1,1,1,-35
381,98:04:ED:C0:E4:41,2020-07-17 03:56:28.248162,74278bda-b644-4520-8f0c-720eaf059935,1,28336,197,-92
382,DC:A6:32:55:FC:3E,2020-07-17 03:56:28.248162,aede318c-caf8-11ea-887c-dca63255fc3b,1,1,1,-39
383,DC:A6:32:55:FC:3E,2020-07-17 03:56:29.332551,aede318c-caf8-11ea-887c-dca63255fc3b,1,1,1,-42
384,98:04:ED:C0:E4:41,2020-07-17 03:56:29.332551,74278bda-b644-4520-8f0c-720eaf059935,1,28336,197,-90
385,DC:A6:32:55:FC:3E,2020-07-17 03:56:30.025683,aede318c-caf8-11ea-887c-dca63255fc3b,1,1,1,-42
386,98:04:ED:C0:E4:41,2020-07-17 03:56:30.025683,74278bda-b644-4520-8f0c-720eaf059935,1,28336,197,-89
387,98:04:ED:C0:E4:41,2020-07-17 03:56:31.605136,74278bda-b644-4520-8f0c-720eaf059935,1,28336,197,-93
388,DC:A6:32:55:FC:3E,2020-07-17 03:56:31.605136,aede318c-caf8-11ea-887c-dca63255fc3b,1,1,1,-43
389,98:04:ED:C0:E4:41,2020-07-17 03:56:32.088204,74278bda-b644-4520-8f0c-720eaf059935,1,28336,197,-85
390,DC:A6:32:55:FC:3E,2020-07-17 03:56:32.088204,aede318c-caf8-11ea-887c-dca63255fc3b,1,1,1,-42
391,98:04:ED:C0:E4:41,2020-07-17 03:56:33.030721,74278bda-b644-4520-8f0c-720eaf059935,1,28336,197,-84
392,DC:A6:32:55:FC:3E,2020-07-17 03:56:33.030721,aede318c-caf8-11ea-887c-dca63255fc3b,1,1,1,-42
393,DC:A6:32:55:FC:3E,2020-07-17 03:56:34.029527,aede318c-caf8-11ea-887c-dca63255fc3b,1,1,1,-42
394,98:04:ED:C0:E4:41,2020-07-17 03:56:34.029527,74278bda-b644-4520-8f0c-720eaf059935,1,28336,197,-86
395,98:04:ED:C0:E4:41,2020-07-17 03:56:35.469613,74278bda-b644-4520-8f0c-720eaf059935,1,28336,197,-85
396,DC:A6:32:55:FC:3E,2020-07-17 03:56:35.469613,aede318c-caf8-11ea-887c-dca63255fc3b,1,1,1,-35
397,98:04:ED:C0:E4:41,2020-07-17 03:56:36.011520,74278bda-b644-4520-8f0c-720eaf059935,1,28336,197,-84
398,DC:A6:32:55:FC:3E,2020-07-17 03:56:36.011520,aede318c-caf8-11ea-887c-dca63255fc3b,1,1,1,-38
399,DC:A6:32:55:FC:3E,2020-07-17 03:56:37.024622,aede318c-caf8-11ea-887c-dca63255fc3b,1,1,1,-40
400,98:04:ED:C0:E4:41,2020-07-17 03:56:37.024622,74278bda-b644-4520-8f0c-720eaf059935,1,28336,197,-85
401,DC:A6:32:55:FC:3E,2020-07-17 03:56:38.070876,aede318c-caf8-11ea-887c-dca63255fc3b,1,1,1,-42
402,98:04:ED:C0:E4:41,2020-07-17 03:56:38.070876,74278bda-b644-4520-8f0c-720eaf059935,1,28336,197,-84
403,98:04:ED:C0:E4:41,2020-07-17 03:56:39.879732,74278bda-b644-4520-8f0c-720eaf059935,1,28336,197,-84
404,98:04:ED:C0:E4:41,2020-07-17 03:56:40.010906,74278bda-b644-4520-8f0c-720eaf059935,1,28336,197,-91
405,DC:A6:32:55:FC:3E,2020-07-17 03:56:40.010906,aede318c-caf8-11ea-887c-dca63255fc3b,1,1,1,-36
406,98:04:ED:C0:E4:41,2020-07-17 03:56:41.121022,74278bda-b644-4520-8f0c-720eaf059935,1,28336,197,-86
407,DC:A6:32:55:FC:3E,2020-07-17 03:56:41.121022,aede318c-caf8-11ea-887c-dca63255fc3b,1,1,1,-42
408,DC:A6:32:55:FC:3E,2020-07-17 03:56:42.216027,aede318c-caf8-11ea-887c-dca63255fc3b,1,1,1,-42
409,98:04:ED:C0:E4:41,2020-07-17 03:56:42.216027,74278bda-b644-4520-8f0c-720eaf059935,1,28336,197,-83
410,98:04:ED:C0:E4:41,2020-07-17 03:56:43.491083,74278bda-b644-4520-8f0c-720eaf059935,1,28336,197,-91
411,DC:A6:32:55:FC:3E,2020-07-17 03:56:43.491083,aede318c-caf8-11ea-887c-dca63255fc3b,1,1,1,-42
412,98:04:ED:C0:E4:41,2020-07-17 03:56:44.366051,74278bda-b644-4520-8f0c-720eaf059935,1,28336,197,-84
413,DC:A6:32:55:FC:3E,2020-07-17 03:56:44.366051,aede318c-caf8-11ea-887c-dca63255fc3b,1,1,1,-41
414,98:04:ED:C0:E4:41,2020-07-17 03:56:45.079754,74278bda-b644-4520-8f0c-720eaf059935,1,28336,197,-90
415,DC:A6:32:55:FC:3E,2020-07-17 03:56:45.079754,aede318c-caf8-11ea-887c-dca63255fc3b,1,1,1,-41
416,98:04:ED:C0:E4:41,2020-07-17 03:56:46.011174,74278bda-b644-4520-8f0c-720eaf059935,1,28336,197,-85
417,DC:A6:32:55:FC:3E,2020-07-17 03:56:46.011174,aede318c-caf8-11ea-887c-dca63255fc3b,1,1,1,-42
418,98:04:ED:C0:E4:41,2020-07-17 03:56:47.116215,74278bda-b644-4520-8f0c-720eaf059935,1,28336,197,-91
419,DC:A6:32:55:FC:3E,2020-07-17 03:56:47.116215,aede318c-caf8-11ea-887c-dca63255fc3b,1,1,1,-37
420,98:04:ED:C0:E4:41,2020-07-17 03:56:48.068703,74278bda-b644-4520-8f0c-720eaf059935,1,28336,197,-84
421,DC:A6:32:55:FC:3E,2020-07-17 03:56:48.068703,aede318c-caf8-11ea-887c-dca63255fc3b,1,1,1,-35
422,DC:A6:32:55:FC:3E,2020-07-17 03:56:49.477446,aede318c-caf8-11ea-887c-dca63255fc3b,1,1,1,-39
423,98:04:ED:C0:E4:41,2020-07-17 03:56:49.477446,74278bda-b644-4520-8f0c-720eaf059935,1,28336,197,-92
424,98:04:ED:C0:E4:41,2020-07-17 03:56:50.018632,74278bda-b644-4520-8f0c-720eaf059935,1,28336,197,-91
425,DC:A6:32:55:FC:3E,2020-07-17 03:56:50.018632,aede318c-caf8-11ea-887c-dca63255fc3b,1,1,1,-42
426,98:04:ED:C0:E4:41,2020-07-17 03:56:51.031770,74278bda-b644-4520-8f0c-720eaf059935,1,28336,197,-89
427,DC:A6:32:55:FC:3E,2020-07-17 03:56:51.031770,aede318c-caf8-11ea-887c-dca63255fc3b,1,1,1,-42
428,98:04:ED:C0:E4:41,2020-07-17 03:56:52.019924,74278bda-b644-4520-8f0c-720eaf059935,1,28336,197,-86
429,DC:A6:32:55:FC:3E,2020-07-17 03:56:52.019924,aede318c-caf8-11ea-887c-dca63255fc3b,1,1,1,-42
430,DC:A6:32:55:FC:3E,2020-07-17 03:56:53.060056,aede318c-caf8-11ea-887c-dca63255fc3b,1,1,1,-42
431,98:04:ED:C0:E4:41,2020-07-17 03:56:53.060056,74278bda-b644-4520-8f0c-720eaf059935,1,28336,197,-85
432,98:04:ED:C0:E4:41,2020-07-17 03:56:54.122474,74278bda-b644-4520-8f0c-720eaf059935,1,28336,197,-92
433,DC:A6:32:55:FC:3E,2020-07-17 03:56:54.122474,aede318c-caf8-11ea-887c-dca63255fc3b,1,1,1,-35
434,98:04:ED:C0:E4:41,2020-07-17 03:56:55.226933,74278bda-b644-4520-8f0c-720eaf059935,1,28336,197,-91
435,DC:A6:32:55:FC:3E,2020-07-17 03:56:55.226933,aede318c-caf8-11ea-887c-dca63255fc3b,1,1,1,-42
436,98:04:ED:C0:E4:41,2020-07-17 03:56:56.026248,74278bda-b644-4520-8f0c-720eaf059935,1,28336,197,-91
437,DC:A6:32:55:FC:3E,2020-07-17 03:56:56.026248,aede318c-caf8-11ea-887c-dca63255fc3b,1,1,1,-38
438,98:04:ED:C0:E4:41,2020-07-17 03:56:57.190036,74278bda-b644-4520-8f0c-720eaf059935,1,28336,197,-87
439,DC:A6:32:55:FC:3E,2020-07-17 03:56:57.190036,aede318c-caf8-11ea-887c-dca63255fc3b,1,1,1,-42
440,98:04:ED:C0:E4:41,2020-07-17 03:56:58.086300,74278bda-b644-4520-8f0c-720eaf059935,1,28336,197,-90
441,DC:A6:32:55:FC:3E,2020-07-17 03:56:58.086300,aede318c-caf8-11ea-887c-dca63255fc3b,1,1,1,-42
442,98:04:ED:C0:E4:41,2020-07-17 03:56:59.096418,74278bda-b644-4520-8f0c-720eaf059935,1,28336,197,-90
443,DC:A6:32:55:FC:3E,2020-07-17 03:56:59.096418,aede318c-caf8-11ea-887c-dca63255fc3b,1,1,1,-35
444,98:04:ED:C0:E4:41,2020-07-17 03:57:00.093899,74278bda-b644-4520-8f0c-720eaf059935,1,28336,197,-90
445,DC:A6:32:55:FC:3E,2020-07-17 03:57:00.093899,aede318c-caf8-11ea-887c-dca63255fc3b,1,1,1,-42
446,DC:A6:32:55:FC:3E,2020-07-17 03:57:01.131377,aede318c-caf8-11ea-887c-dca63255fc3b,1,1,1,-42
447,98:04:ED:C0:E4:41,2020-07-17 03:57:01.131377,74278bda-b644-4520-8f0c-720eaf059935,1,28336,197,-85
448,98:04:ED:C0:E4:41,2020-07-17 03:57:02.121441,74278bda-b644-4520-8f0c-720eaf059935,1,28336,197,-92
449,DC:A6:32:55:FC:3E,2020-07-17 03:57:02.121441,aede318c-caf8-11ea-887c-dca63255fc3b,1,1,1,-41
450,98:04:ED:C0:E4:41,2020-07-17 03:57:03.137710,74278bda-b644-4520-8f0c-720eaf059935,1,28336,197,-87
451,DC:A6:32:55:FC:3E,2020-07-17 03:57:03.137710,aede318c-caf8-11ea-887c-dca63255fc3b,1,1,1,-40
452,98:04:ED:C0:E4:41,2020-07-17 03:57:04.056435,74278bda-b644-4520-8f0c-720eaf059935,1,28336,197,-93
453,DC:A6:32:55:FC:3E,2020-07-17 03:57:04.056435,aede318c-caf8-11ea-887c-dca63255fc3b,1,1,1,-42
454,DC:A6:32:55:FC:3E,2020-07-17 03:57:05.335330,aede318c-caf8-11ea-887c-dca63255fc3b,1,1,1,-36
455,98:04:ED:C0:E4:41,2020-07-17 03:57:05.335330,74278bda-b644-4520-8f0c-720eaf059935,1,28336,197,-93
456,98:04:ED:C0:E4:41,2020-07-17 03:57:06.050312,74278bda-b644-4520-8f0c-720eaf059935,1,28336,197,-84
457,DC:A6:32:55:FC:3E,2020-07-17 03:57:06.050312,aede318c-caf8-11ea-887c-dca63255fc3b,1,1,1,-43
458,98:04:ED:C0:E4:41,2020-07-17 03:57:07.114267,74278bda-b644-4520-8f0c-720eaf059935,1,28336,197,-86
459,DC:A6:32:55:FC:3E,2020-07-17 03:57:07.114267,aede318c-caf8-11ea-887c-dca63255fc3b,1,1,1,-41
460,98:04:ED:C0:E4:41,2020-07-17 03:57:08.101657,74278bda-b644-4520-8f0c-720eaf059935,1,28336,197,-83
461,DC:A6:32:55:FC:3E,2020-07-17 03:57:08.101657,aede318c-caf8-11ea-887c-dca63255fc3b,1,1,1,-42
462,98:04:ED:C0:E4:41,2020-07-17 03:57:09.087864,74278bda-b644-4520-8f0c-720eaf059935,1,28336,197,-86
463,DC:A6:32:55:FC:3E,2020-07-17 03:57:09.087864,aede318c-caf8-11ea-887c-dca63255fc3b,1,1,1,-39
464,98:04:ED:C0:E4:41,2020-07-17 03:57:10.095394,74278bda-b644-4520-8f0c-720eaf059935,1,28336,197,-86
465,DC:A6:32:55:FC:3E,2020-07-17 03:57:10.095394,aede318c-caf8-11ea-887c-dca63255fc3b,1,1,1,-42
466,98:04:ED:C0:E4:41,2020-07-17 03:57:11.351706,74278bda-b644-4520-8f0c-720eaf059935,1,28336,197,-85
467,DC:A6:32:55:FC:3E,2020-07-17 03:57:11.351706,aede318c-caf8-11ea-887c-dca63255fc3b,1,1,1,-42
468,98:04:ED:C0:E4:41,2020-07-17 03:57:12.101621,74278bda-b644-4520-8f0c-720eaf059935,1,28336,197,-85
469,DC:A6:32:55:FC:3E,2020-07-17 03:57:12.101621,aede318c-caf8-11ea-887c-dca63255fc3b,1,1,1,-42
470,98:04:ED:C0:E4:41,2020-07-17 03:57:13.117961,74278bda-b644-4520-8f0c-720eaf059935,1,28336,197,-86
471,DC:A6:32:55:FC:3E,2020-07-17 03:57:13.117961,aede318c-caf8-11ea-887c-dca63255fc3b,1,1,1,-35
472,98:04:ED:C0:E4:41,2020-07-17 03:57:14.134876,74278bda-b644-4520-8f0c-720eaf059935,1,28336,197,-86
473,DC:A6:32:55:FC:3E,2020-07-17 03:57:14.134876,aede318c-caf8-11ea-887c-dca63255fc3b,1,1,1,-39
474,98:04:ED:C0:E4:41,2020-07-17 03:57:15.134971,74278bda-b644-4520-8f0c-720eaf059935,1,28336,197,-86
475,DC:A6:32:55:FC:3E,2020-07-17 03:57:15.134971,aede318c-caf8-11ea-887c-dca63255fc3b,1,1,1,-41
476,98:04:ED:C0:E4:41,2020-07-17 03:57:16.326812,74278bda-b644-4520-8f0c-720eaf059935,1,28336,197,-86
477,DC:A6:32:55:FC:3E,2020-07-17 03:57:16.326812,aede318c-caf8-11ea-887c-dca63255fc3b,1,1,1,-40
478,98:04:ED:C0:E4:41,2020-07-17 03:57:17.179380,74278bda-b644-4520-8f0c-720eaf059935,1,28336,197,-87
479,DC:A6:32:55:FC:3E,2020-07-17 03:57:17.179380,aede318c-caf8-11ea-887c-dca63255fc3b,1,1,1,-37
480,98:04:ED:C0:E4:41,2020-07-17 03:57:18.332483,74278bda-b644-4520-8f0c-720eaf059935,1,28336,197,-87
481,DC:A6:32:55:FC:3E,2020-07-17 03:57:18.332483,aede318c-caf8-11ea-887c-dca63255fc3b,1,1,1,-42
482,98:04:ED:C0:E4:41,2020-07-17 03:57:19.083707,74278bda-b644-4520-8f0c-720eaf059935,1,28336,197,-88
483,DC:A6:32:55:FC:3E,2020-07-17 03:57:19.083707,aede318c-caf8-11ea-887c-dca63255fc3b,1,1,1,-41
484,98:04:ED:C0:E4:41,2020-07-17 03:57:20.190660,74278bda-b644-4520-8f0c-720eaf059935,1,28336,197,-94
485,DC:A6:32:55:FC:3E,2020-07-17 03:57:20.190660,aede318c-caf8-11ea-887c-dca63255fc3b,1,1,1,-42
486,98:04:ED:C0:E4:41,2020-07-17 03:57:21.106829,74278bda-b644-4520-8f0c-720eaf059935,1,28336,197,-95
487,DC:A6:32:55:FC:3E,2020-07-17 03:57:21.106829,aede318c-caf8-11ea-887c-dca63255fc3b,1,1,1,-42
488,98:04:ED:C0:E4:41,2020-07-17 03:57:22.051869,74278bda-b644-4520-8f0c-720eaf059935,1,28336,197,-86
489,DC:A6:32:55:FC:3E,2020-07-17 03:57:22.051869,aede318c-caf8-11ea-887c-dca63255fc3b,1,1,1,-42
490,DC:A6:32:55:FC:3E,2020-07-17 03:57:23.221380,aede318c-caf8-11ea-887c-dca63255fc3b,1,1,1,-42
491,98:04:ED:C0:E4:41,2020-07-17 03:57:23.221380,74278bda-b644-4520-8f0c-720eaf059935,1,28336,197,-92
492,98:04:ED:C0:E4:41,2020-07-17 03:57:24.048262,74278bda-b644-4520-8f0c-720eaf059935,1,28336,197,-85
493,DC:A6:32:55:FC:3E,2020-07-17 03:57:24.048262,aede318c-caf8-11ea-887c-dca63255fc3b,1,1,1,-41
494,98:04:ED:C0:E4:41,2020-07-17 03:57:25.048306,74278bda-b644-4520-8f0c-720eaf059935,1,28336,197,-85
495,DC:A6:32:55:FC:3E,2020-07-17 03:57:25.048306,aede318c-caf8-11ea-887c-dca63255fc3b,1,1,1,-42
496,98:04:ED:C0:E4:41,2020-07-17 03:57:26.042068,74278bda-b644-4520-8f0c-720eaf059935,1,28336,197,-93
497,DC:A6:32:55:FC:3E,2020-07-17 03:57:26.042068,aede318c-caf8-11ea-887c-dca63255fc3b,1,1,1,-41
498,98:04:ED:C0:E4:41,2020-07-17 03:57:27.141408,74278bda-b644-4520-8f0c-720eaf059935,1,28336,197,-88
499,DC:A6:32:55:FC:3E,2020-07-17 03:57:27.141408,aede318c-caf8-11ea-887c-dca63255fc3b,1,1,1,-43
500,98:04:ED:C0:E4:41,2020-07-17 03:57:28.119602,74278bda-b644-4520-8f0c-720eaf059935,1,28336,197,-86
501,DC:A6:32:55:FC:3E,2020-07-17 03:57:28.119602,aede318c-caf8-11ea-887c-dca63255fc3b,1,1,1,-40
502,98:04:ED:C0:E4:41,2020-07-17 03:57:29.092164,74278bda-b644-4520-8f0c-720eaf059935,1,28336,197,-85
503,DC:A6:32:55:FC:3E,2020-07-17 03:57:29.092164,aede318c-caf8-11ea-887c-dca63255fc3b,1,1,1,-42
504,98:04:ED:C0:E4:41,2020-07-17 03:57:30.120008,74278bda-b644-4520-8f0c-720eaf059935,1,28336,197,-90
505,DC:A6:32:55:FC:3E,2020-07-17 03:57:30.120008,aede318c-caf8-11ea-887c-dca63255fc3b,1,1,1,-36
506,DC:A6:32:55:FC:3E,2020-07-17 03:57:31.208450,aede318c-caf8-11ea-887c-dca63255fc3b,1,1,1,-42
507,98:04:ED:C0:E4:41,2020-07-17 03:57:31.208450,74278bda-b644-4520-8f0c-720eaf059935,1,28336,197,-92
508,98:04:ED:C0:E4:41,2020-07-17 03:57:32.082165,74278bda-b644-4520-8f0c-720eaf059935,1,28336,197,-86
509,DC:A6:32:55:FC:3E,2020-07-17 03:57:32.082165,aede318c-caf8-11ea-887c-dca63255fc3b,1,1,1,-42
510,98:04:ED:C0:E4:41,2020-07-17 03:57:33.069657,74278bda-b644-4520-8f0c-720eaf059935,1,28336,197,-89
511,DC:A6:32:55:FC:3E,2020-07-17 03:57:33.069657,aede318c-caf8-11ea-887c-dca63255fc3b,1,1,1,-37
512,DC:A6:32:55:FC:3E,2020-07-17 03:57:34.132282,aede318c-caf8-11ea-887c-dca63255fc3b,1,1,1,-42
513,98:04:ED:C0:E4:41,2020-07-17 03:57:34.132282,74278bda-b644-4520-8f0c-720eaf059935,1,28336,197,-86
514,98:04:ED:C0:E4:41,2020-07-17 03:57:35.112289,74278bda-b644-4520-8f0c-720eaf059935,1,28336,197,-85
515,DC:A6:32:55:FC:3E,2020-07-17 03:57:35.112289,aede318c-caf8-11ea-887c-dca63255fc3b,1,1,1,-38
516,98:04:ED:C0:E4:41,2020-07-17 03:57:36.147383,74278bda-b644-4520-8f0c-720eaf059935,1,28336,197,-94
517,DC:A6:32:55:FC:3E,2020-07-17 03:57:36.147383,aede318c-caf8-11ea-887c-dca63255fc3b,1,1,1,-42
518,98:04:ED:C0:E4:41,2020-07-17 03:57:37.014754,74278bda-b644-4520-8f0c-720eaf059935,1,28336,197,-85
519,DC:A6:32:55:FC:3E,2020-07-17 03:57:37.014754,aede318c-caf8-11ea-887c-dca63255fc3b,1,1,1,-42
520,98:04:ED:C0:E4:41,2020-07-17 03:57:38.059925,74278bda-b644-4520-8f0c-720eaf059935,1,28336,197,-93
521,DC:A6:32:55:FC:3E,2020-07-17 03:57:38.059925,aede318c-caf8-11ea-887c-dca63255fc3b,1,1,1,-39
522,98:04:ED:C0:E4:41,2020-07-17 03:57:39.397343,74278bda-b644-4520-8f0c-720eaf059935,1,28336,197,-86
523,DC:A6:32:55:FC:3E,2020-07-17 03:57:39.397343,aede318c-caf8-11ea-887c-dca63255fc3b,1,1,1,-41
524,98:04:ED:C0:E4:41,2020-07-17 03:57:40.041147,74278bda-b644-4520-8f0c-720eaf059935,1,28336,197,-94
525,DC:A6:32:55:FC:3E,2020-07-17 03:57:40.041147,aede318c-caf8-11ea-887c-dca63255fc3b,1,1,1,-41
526,98:04:ED:C0:E4:41,2020-07-17 03:57:41.047422,74278bda-b644-4520-8f0c-720eaf059935,1,28336,197,-97
527,DC:A6:32:55:FC:3E,2020-07-17 03:57:41.047422,aede318c-caf8-11ea-887c-dca63255fc3b,1,1,1,-42
528,98:04:ED:C0:E4:41,2020-07-17 03:57:43.051954,74278bda-b644-4520-8f0c-720eaf059935,1,28336,197,-87
529,DC:A6:32:55:FC:3E,2020-07-17 03:57:43.051954,aede318c-caf8-11ea-887c-dca63255fc3b,1,1,1,-43
530,DC:A6:32:55:FC:3E,2020-07-17 03:57:44.141291,aede318c-caf8-11ea-887c-dca63255fc3b,1,1,1,-42
531,98:04:ED:C0:E4:41,2020-07-17 03:57:44.141291,74278bda-b644-4520-8f0c-720eaf059935,1,28336,197,-91
532,DC:A6:32:55:FC:3E,2020-07-17 03:57:45.433892,aede318c-caf8-11ea-887c-dca63255fc3b,1,1,1,-43
533,98:04:ED:C0:E4:41,2020-07-17 03:57:45.433892,74278bda-b644-4520-8f0c-720eaf059935,1,28336,197,-84
534,DC:A6:32:55:FC:3E,2020-07-17 03:57:46.060180,aede318c-caf8-11ea-887c-dca63255fc3b,1,1,1,-42
535,98:04:ED:C0:E4:41,2020-07-17 03:57:46.060180,74278bda-b644-4520-8f0c-720eaf059935,1,28336,197,-91
536,98:04:ED:C0:E4:41,2020-07-17 03:57:47.821407,74278bda-b644-4520-8f0c-720eaf059935,1,28336,197,-92
537,DC:A6:32:55:FC:3E,2020-07-17 03:57:47.821407,aede318c-caf8-11ea-887c-dca63255fc3b,1,1,1,-41
538,98:04:ED:C0:E4:41,2020-07-17 03:57:48.004423,74278bda-b644-4520-8f0c-720eaf059935,1,28336,197,-86
539,DC:A6:32:55:FC:3E,2020-07-17 03:57:48.004423,aede318c-caf8-11ea-887c-dca63255fc3b,1,1,1,-38
540,98:04:ED:C0:E4:41,2020-07-17 03:57:49.327705,74278bda-b644-4520-8f0c-720eaf059935,1,28336,197,-85
541,DC:A6:32:55:FC:3E,2020-07-17 03:57:49.327705,aede318c-caf8-11ea-887c-dca63255fc3b,1,1,1,-41
542,DC:A6:32:55:FC:3E,2020-07-17 03:57:50.058881,aede318c-caf8-11ea-887c-dca63255fc3b,1,1,1,-42
543,98:04:ED:C0:E4:41,2020-07-17 03:57:50.058881,74278bda-b644-4520-8f0c-720eaf059935,1,28336,197,-84
544,98:04:ED:C0:E4:41,2020-07-17 03:57:51.052666,74278bda-b644-4520-8f0c-720eaf059935,1,28336,197,-85
545,DC:A6:32:55:FC:3E,2020-07-17 03:57:51.052666,aede318c-caf8-11ea-887c-dca63255fc3b,1,1,1,-42
546,DC:A6:32:55:FC:3E,2020-07-17 03:57:52.106413,aede318c-caf8-11ea-887c-dca63255fc3b,1,1,1,-42
547,98:04:ED:C0:E4:41,2020-07-17 03:57:52.106413,74278bda-b644-4520-8f0c-720eaf059935,1,28336,197,-92
548,98:04:ED:C0:E4:41,2020-07-17 03:57:53.267749,74278bda-b644-4520-8f0c-720eaf059935,1,28336,197,-85
549,DC:A6:32:55:FC:3E,2020-07-17 03:57:53.267749,aede318c-caf8-11ea-887c-dca63255fc3b,1,1,1,-36
550,DC:A6:32:55:FC:3E,2020-07-17 03:57:54.156487,aede318c-caf8-11ea-887c-dca63255fc3b,1,1,1,-42
551,98:04:ED:C0:E4:41,2020-07-17 03:57:54.156487,74278bda-b644-4520-8f0c-720eaf059935,1,28336,197,-87
552,98:04:ED:C0:E4:41,2020-07-17 03:57:55.009645,74278bda-b644-4520-8f0c-720eaf059935,1,28336,197,-85
553,DC:A6:32:55:FC:3E,2020-07-17 03:57:55.009645,aede318c-caf8-11ea-887c-dca63255fc3b,1,1,1,-42
554,98:04:ED:C0:E4:41,2020-07-17 03:57:56.030407,74278bda-b644-4520-8f0c-720eaf059935,1,28336,197,-85
555,DC:A6:32:55:FC:3E,2020-07-17 03:57:56.030407,aede318c-caf8-11ea-887c-dca63255fc3b,1,1,1,-42
556,98:04:ED:C0:E4:41,2020-07-17 03:57:57.042813,74278bda-b644-4520-8f0c-720eaf059935,1,28336,197,-84
557,DC:A6:32:55:FC:3E,2020-07-17 03:57:57.042813,aede318c-caf8-11ea-887c-dca63255fc3b,1,1,1,-43
558,DC:A6:32:55:FC:3E,2020-07-17 03:57:58.358523,aede318c-caf8-11ea-887c-dca63255fc3b,1,1,1,-41
559,98:04:ED:C0:E4:41,2020-07-17 03:57:58.358523,74278bda-b644-4520-8f0c-720eaf059935,1,28336,197,-90
560,98:04:ED:C0:E4:41,2020-07-17 03:57:59.009104,74278bda-b644-4520-8f0c-720eaf059935,1,28336,197,-90
561,DC:A6:32:55:FC:3E,2020-07-17 03:57:59.009104,aede318c-caf8-11ea-887c-dca63255fc3b,1,1,1,-37
562,98:04:ED:C0:E4:41,2020-07-17 03:58:00.029135,74278bda-b644-4520-8f0c-720eaf059935,1,28336,197,-86
563,DC:A6:32:55:FC:3E,2020-07-17 03:58:00.029135,aede318c-caf8-11ea-887c-dca63255fc3b,1,1,1,-42
564,98:04:ED:C0:E4:41,2020-07-17 03:58:01.040464,74278bda-b644-4520-8f0c-720eaf059935,1,28336,197,-90
565,DC:A6:32:55:FC:3E,2020-07-17 03:58:01.040464,aede318c-caf8-11ea-887c-dca63255fc3b,1,1,1,-42
566,DC:A6:32:55:FC:3E,2020-07-17 03:58:02.039220,aede318c-caf8-11ea-887c-dca63255fc3b,1,1,1,-36
567,98:04:ED:C0:E4:41,2020-07-17 03:58:02.039220,74278bda-b644-4520-8f0c-720eaf059935,1,28336,197,-87
568,98:04:ED:C0:E4:41,2020-07-17 03:58:03.179224,74278bda-b644-4520-8f0c-720eaf059935,1,28336,197,-93
569,DC:A6:32:55:FC:3E,2020-07-17 03:58:03.179224,aede318c-caf8-11ea-887c-dca63255fc3b,1,1,1,-39
570,98:04:ED:C0:E4:41,2020-07-17 03:58:04.193021,74278bda-b644-4520-8f0c-720eaf059935,1,28336,197,-85
571,DC:A6:32:55:FC:3E,2020-07-17 03:58:04.193021,aede318c-caf8-11ea-887c-dca63255fc3b,1,1,1,-42
572,98:04:ED:C0:E4:41,2020-07-17 03:58:05.033054,74278bda-b644-4520-8f0c-720eaf059935,1,28336,197,-86
573,DC:A6:32:55:FC:3E,2020-07-17 03:58:05.033054,aede318c-caf8-11ea-887c-dca63255fc3b,1,1,1,-41
574,98:04:ED:C0:E4:41,2020-07-17 03:58:06.061760,74278bda-b644-4520-8f0c-720eaf059935,1,28336,197,-85
575,DC:A6:32:55:FC:3E,2020-07-17 03:58:06.061760,aede318c-caf8-11ea-887c-dca63255fc3b,1,1,1,-37
576,98:04:ED:C0:E4:41,2020-07-17 03:58:07.018073,74278bda-b644-4520-8f0c-720eaf059935,1,28336,197,-92
577,DC:A6:32:55:FC:3E,2020-07-17 03:58:07.018073,aede318c-caf8-11ea-887c-dca63255fc3b,1,1,1,-41
578,98:04:ED:C0:E4:41,2020-07-17 03:58:09.023140,74278bda-b644-4520-8f0c-720eaf059935,1,28336,197,-84
579,DC:A6:32:55:FC:3E,2020-07-17 03:58:09.023140,aede318c-caf8-11ea-887c-dca63255fc3b,1,1,1,-42
580,98:04:ED:C0:E4:41,2020-07-17 03:58:10.009960,74278bda-b644-4520-8f0c-720eaf059935,1,28336,197,-94
581,DC:A6:32:55:FC:3E,2020-07-17 03:58:10.009960,aede318c-caf8-11ea-887c-dca63255fc3b,1,1,1,-42
582,98:04:ED:C0:E4:41,2020-07-17 03:58:11.105054,74278bda-b644-4520-8f0c-720eaf059935,1,28336,197,-90
583,DC:A6:32:55:FC:3E,2020-07-17 03:58:11.105054,aede318c-caf8-11ea-887c-dca63255fc3b,1,1,1,-36
584,98:04:ED:C0:E4:41,2020-07-17 03:58:12.108213,74278bda-b644-4520-8f0c-720eaf059935,1,28336,197,-88
585,DC:A6:32:55:FC:3E,2020-07-17 03:58:12.108213,aede318c-caf8-11ea-887c-dca63255fc3b,1,1,1,-42
586,98:04:ED:C0:E4:41,2020-07-17 03:58:13.099520,74278bda-b644-4520-8f0c-720eaf059935,1,28336,197,-85
587,DC:A6:32:55:FC:3E,2020-07-17 03:58:13.099520,aede318c-caf8-11ea-887c-dca63255fc3b,1,1,1,-42
588,98:04:ED:C0:E4:41,2020-07-17 03:58:14.003251,74278bda-b644-4520-8f0c-720eaf059935,1,28336,197,-84
589,DC:A6:32:55:FC:3E,2020-07-17 03:58:14.003251,aede318c-caf8-11ea-887c-dca63255fc3b,1,1,1,-37
590,98:04:ED:C0:E4:41,2020-07-17 03:58:15.099531,74278bda-b644-4520-8f0c-720eaf059935,1,28336,197,-87
591,DC:A6:32:55:FC:3E,2020-07-17 03:58:15.099531,aede318c-caf8-11ea-887c-dca63255fc3b,1,1,1,-43
592,98:04:ED:C0:E4:41,2020-07-17 03:58:16.391394,74278bda-b644-4520-8f0c-720eaf059935,1,28336,197,-92
593,DC:A6:32:55:FC:3E,2020-07-17 03:58:16.391394,aede318c-caf8-11ea-887c-dca63255fc3b,1,1,1,-42
594,DC:A6:32:55:FC:3E,2020-07-17 03:58:17.224019,aede318c-caf8-11ea-887c-dca63255fc3b,1,1,1,-41
595,98:04:ED:C0:E4:41,2020-07-17 03:58:17.224019,74278bda-b644-4520-8f0c-720eaf059935,1,28336,197,-91
596,DC:A6:32:55:FC:3E,2020-07-17 03:58:18.002127,aede318c-caf8-11ea-887c-dca63255fc3b,1,1,1,-39
597,98:04:ED:C0:E4:41,2020-07-17 03:58:18.002127,74278bda-b644-4520-8f0c-720eaf059935,1,28336,197,-92
598,98:04:ED:C0:E4:41,2020-07-17 03:58:19.036569,74278bda-b644-4520-8f0c-720eaf059935,1,28336,197,-86
599,DC:A6:32:55:FC:3E,2020-07-17 03:58:19.036569,aede318c-caf8-11ea-887c-dca63255fc3b,1,1,1,-42
600,98:04:ED:C0:E4:41,2020-07-17 03:58:21.040995,74278bda-b644-4520-8f0c-720eaf059935,1,28336,197,-86
601,DC:A6:32:55:FC:3E,2020-07-17 03:58:21.040995,aede318c-caf8-11ea-887c-dca63255fc3b,1,1,1,-42
602,98:04:ED:C0:E4:41,2020-07-17 03:58:22.030917,74278bda-b644-4520-8f0c-720eaf059935,1,28336,197,-85
603,DC:A6:32:55:FC:3E,2020-07-17 03:58:22.030917,aede318c-caf8-11ea-887c-dca63255fc3b,1,1,1,-41
604,98:04:ED:C0:E4:41,2020-07-17 03:58:23.168535,74278bda-b644-4520-8f0c-720eaf059935,1,28336,197,-91
605,DC:A6:32:55:FC:3E,2020-07-17 03:58:23.168535,aede318c-caf8-11ea-887c-dca63255fc3b,1,1,1,-42
606,98:04:ED:C0:E4:41,2020-07-17 03:58:24.023460,74278bda-b644-4520-8f0c-720eaf059935,1,28336,197,-94
607,DC:A6:32:55:FC:3E,2020-07-17 03:58:24.023460,aede318c-caf8-11ea-887c-dca63255fc3b,1,1,1,-37
608,98:04:ED:C0:E4:41,2020-07-17 03:58:25.047343,74278bda-b644-4520-8f0c-720eaf059935,1,28336,197,-85
609,DC:A6:32:55:FC:3E,2020-07-17 03:58:25.047343,aede318c-caf8-11ea-887c-dca63255fc3b,1,1,1,-41
610,98:04:ED:C0:E4:41,2020-07-17 03:58:26.064220,74278bda-b644-4520-8f0c-720eaf059935,1,28336,197,-85
611,DC:A6:32:55:FC:3E,2020-07-17 03:58:26.064220,aede318c-caf8-11ea-887c-dca63255fc3b,1,1,1,-37
612,98:04:ED:C0:E4:41,2020-07-17 03:58:27.103547,74278bda-b644-4520-8f0c-720eaf059935,1,28336,197,-86
613,DC:A6:32:55:FC:3E,2020-07-17 03:58:27.103547,aede318c-caf8-11ea-887c-dca63255fc3b,1,1,1,-42
614,98:04:ED:C0:E4:41,2020-07-17 03:58:28.004907,74278bda-b644-4520-8f0c-720eaf059935,1,28336,197,-86
615,DC:A6:32:55:FC:3E,2020-07-17 03:58:28.004907,aede318c-caf8-11ea-887c-dca63255fc3b,1,1,1,-39
616,98:04:ED:C0:E4:41,2020-07-17 03:58:29.292407,74278bda-b644-4520-8f0c-720eaf059935,1,28336,197,-86
617,DC:A6:32:55:FC:3E,2020-07-17 03:58:29.292407,aede318c-caf8-11ea-887c-dca63255fc3b,1,1,1,-41
618,98:04:ED:C0:E4:41,2020-07-17 03:58:30.218689,74278bda-b644-4520-8f0c-720eaf059935,1,28336,197,-85
619,DC:A6:32:55:FC:3E,2020-07-17 03:58:30.218689,aede318c-caf8-11ea-887c-dca63255fc3b,1,1,1,-42
620,98:04:ED:C0:E4:41,2020-07-17 03:58:31.303795,74278bda-b644-4520-8f0c-720eaf059935,1,28336,197,-86
621,DC:A6:32:55:FC:3E,2020-07-17 03:58:31.303795,aede318c-caf8-11ea-887c-dca63255fc3b,1,1,1,-36
622,98:04:ED:C0:E4:41,2020-07-17 03:58:32.224381,74278bda-b644-4520-8f0c-720eaf059935,1,28336,197,-86
623,DC:A6:32:55:FC:3E,2020-07-17 03:58:32.224381,aede318c-caf8-11ea-887c-dca63255fc3b,1,1,1,-41
624,98:04:ED:C0:E4:41,2020-07-17 03:58:33.153909,74278bda-b644-4520-8f0c-720eaf059935,1,28336,197,-85
625,DC:A6:32:55:FC:3E,2020-07-17 03:58:33.153909,aede318c-caf8-11ea-887c-dca63255fc3b,1,1,1,-37
626,98:04:ED:C0:E4:41,2020-07-17 03:58:34.007500,74278bda-b644-4520-8f0c-720eaf059935,1,28336,197,-84
627,DC:A6:32:55:FC:3E,2020-07-17 03:58:34.007500,aede318c-caf8-11ea-887c-dca63255fc3b,1,1,1,-42
628,98:04:ED:C0:E4:41,2020-07-17 03:58:35.108873,74278bda-b644-4520-8f0c-720eaf059935,1,28336,197,-85
629,DC:A6:32:55:FC:3E,2020-07-17 03:58:35.108873,aede318c-caf8-11ea-887c-dca63255fc3b,1,1,1,-41
630,98:04:ED:C0:E4:41,2020-07-17 03:58:36.210445,74278bda-b644-4520-8f0c-720eaf059935,1,28336,197,-90
631,DC:A6:32:55:FC:3E,2020-07-17 03:58:36.210445,aede318c-caf8-11ea-887c-dca63255fc3b,1,1,1,-40
632,98:04:ED:C0:E4:41,2020-07-17 03:58:37.315252,74278bda-b644-4520-8f0c-720eaf059935,1,28336,197,-91
633,DC:A6:32:55:FC:3E,2020-07-17 03:58:37.315252,aede318c-caf8-11ea-887c-dca63255fc3b,1,1,1,-39
634,DC:A6:32:55:FC:3E,2020-07-17 03:58:38.271404,aede318c-caf8-11ea-887c-dca63255fc3b,1,1,1,-42
635,98:04:ED:C0:E4:41,2020-07-17 03:58:38.271404,74278bda-b644-4520-8f0c-720eaf059935,1,28336,197,-87
636,98:04:ED:C0:E4:41,2020-07-17 03:58:39.112679,74278bda-b644-4520-8f0c-720eaf059935,1,28336,197,-86
637,DC:A6:32:55:FC:3E,2020-07-17 03:58:39.112679,aede318c-caf8-11ea-887c-dca63255fc3b,1,1,1,-39
638,98:04:ED:C0:E4:41,2020-07-17 03:58:40.055136,74278bda-b644-4520-8f0c-720eaf059935,1,28336,197,-87
639,DC:A6:32:55:FC:3E,2020-07-17 03:58:40.055136,aede318c-caf8-11ea-887c-dca63255fc3b,1,1,1,-37
640,98:04:ED:C0:E4:41,2020-07-17 03:58:41.220897,74278bda-b644-4520-8f0c-720eaf059935,1,28336,197,-86
641,DC:A6:32:55:FC:3E,2020-07-17 03:58:41.220897,aede318c-caf8-11ea-887c-dca63255fc3b,1,1,1,-41
642,98:04:ED:C0:E4:41,2020-07-17 03:58:42.167713,74278bda-b644-4520-8f0c-720eaf059935,1,28336,197,-91
643,DC:A6:32:55:FC:3E,2020-07-17 03:58:42.167713,aede318c-caf8-11ea-887c-dca63255fc3b,1,1,1,-41
644,98:04:ED:C0:E4:41,2020-07-17 03:58:43.030283,74278bda-b644-4520-8f0c-720eaf059935,1,28336,197,-86
645,DC:A6:32:55:FC:3E,2020-07-17 03:58:43.030283,aede318c-caf8-11ea-887c-dca63255fc3b,1,1,1,-41
646,98:04:ED:C0:E4:41,2020-07-17 03:58:44.179134,74278bda-b644-4520-8f0c-720eaf059935,1,28336,197,-85
647,DC:A6:32:55:FC:3E,2020-07-17 03:58:44.179134,aede318c-caf8-11ea-887c-dca63255fc3b,1,1,1,-42
648,98:04:ED:C0:E4:41,2020-07-17 03:58:45.021670,74278bda-b644-4520-8f0c-720eaf059935,1,28336,197,-86
649,DC:A6:32:55:FC:3E,2020-07-17 03:58:45.021670,aede318c-caf8-11ea-887c-dca63255fc3b,1,1,1,-43
650,98:04:ED:C0:E4:41,2020-07-17 03:58:46.058543,74278bda-b644-4520-8f0c-720eaf059935,1,28336,197,-92
651,DC:A6:32:55:FC:3E,2020-07-17 03:58:46.058543,aede318c-caf8-11ea-887c-dca63255fc3b,1,1,1,-42
652,98:04:ED:C0:E4:41,2020-07-17 03:58:47.074176,74278bda-b644-4520-8f0c-720eaf059935,1,28336,197,-86
653,DC:A6:32:55:FC:3E,2020-07-17 03:58:47.074176,aede318c-caf8-11ea-887c-dca63255fc3b,1,1,1,-43
654,98:04:ED:C0:E4:41,2020-07-17 03:58:48.238529,74278bda-b644-4520-8f0c-720eaf059935,1,28336,197,-87
655,DC:A6:32:55:FC:3E,2020-07-17 03:58:48.238529,aede318c-caf8-11ea-887c-dca63255fc3b,1,1,1,-42
656,98:04:ED:C0:E4:41,2020-07-17 03:58:49.014846,74278bda-b644-4520-8f0c-720eaf059935,1,28336,197,-92
657,DC:A6:32:55:FC:3E,2020-07-17 03:58:49.014846,aede318c-caf8-11ea-887c-dca63255fc3b,1,1,1,-41
658,98:04:ED:C0:E4:41,2020-07-17 03:58:50.064252,74278bda-b644-4520-8f0c-720eaf059935,1,28336,197,-86
659,DC:A6:32:55:FC:3E,2020-07-17 03:58:50.064252,aede318c-caf8-11ea-887c-dca63255fc3b,1,1,1,-36
660,98:04:ED:C0:E4:41,2020-07-17 03:58:51.053703,74278bda-b644-4520-8f0c-720eaf059935,1,28336,197,-88
661,DC:A6:32:55:FC:3E,2020-07-17 03:58:51.053703,aede318c-caf8-11ea-887c-dca63255fc3b,1,1,1,-41
662,98:04:ED:C0:E4:41,2020-07-17 03:58:52.063028,74278bda-b644-4520-8f0c-720eaf059935,1,28336,197,-86
663,DC:A6:32:55:FC:3E,2020-07-17 03:58:52.063028,aede318c-caf8-11ea-887c-dca63255fc3b,1,1,1,-42
664,98:04:ED:C0:E4:41,2020-07-17 03:58:53.056106,74278bda-b644-4520-8f0c-720eaf059935,1,28336,197,-89
665,DC:A6:32:55:FC:3E,2020-07-17 03:58:53.056106,aede318c-caf8-11ea-887c-dca63255fc3b,1,1,1,-39
666,98:04:ED:C0:E4:41,2020-07-17 03:58:54.184355,74278bda-b644-4520-8f0c-720eaf059935,1,28336,197,-88
667,DC:A6:32:55:FC:3E,2020-07-17 03:58:54.184355,aede318c-caf8-11ea-887c-dca63255fc3b,1,1,1,-41
668,DC:A6:32:55:FC:3E,2020-07-17 03:58:55.384466,aede318c-caf8-11ea-887c-dca63255fc3b,1,1,1,-41
669,98:04:ED:C0:E4:41,2020-07-17 03:58:55.384466,74278bda-b644-4520-8f0c-720eaf059935,1,28336,197,-96
670,DC:A6:32:55:FC:3E,2020-07-17 03:58:56.010665,aede318c-caf8-11ea-887c-dca63255fc3b,1,1,1,-43
671,98:04:ED:C0:E4:41,2020-07-17 03:58:56.010665,74278bda-b644-4520-8f0c-720eaf059935,1,28336,197,-89
672,98:04:ED:C0:E4:41,2020-07-17 03:58:57.660691,74278bda-b644-4520-8f0c-720eaf059935,1,28336,197,-87
673,DC:A6:32:55:FC:3E,2020-07-17 03:58:57.660691,aede318c-caf8-11ea-887c-dca63255fc3b,1,1,1,-39
674,98:04:ED:C0:E4:41,2020-07-17 03:58:58.099401,74278bda-b644-4520-8f0c-720eaf059935,1,28336,197,-95
675,DC:A6:32:55:FC:3E,2020-07-17 03:58:58.099401,aede318c-caf8-11ea-887c-dca63255fc3b,1,1,1,-39
676,98:04:ED:C0:E4:41,2020-07-17 03:58:59.140627,74278bda-b644-4520-8f0c-720eaf059935,1,28336,197,-88
677,DC:A6:32:55:FC:3E,2020-07-17 03:58:59.140627,aede318c-caf8-11ea-887c-dca63255fc3b,1,1,1,-41
678,98:04:ED:C0:E4:41,2020-07-17 03:59:00.143214,74278bda-b644-4520-8f0c-720eaf059935,1,28336,197,-97
679,DC:A6:32:55:FC:3E,2020-07-17 03:59:00.143214,aede318c-caf8-11ea-887c-dca63255fc3b,1,1,1,-40
680,98:04:ED:C0:E4:41,2020-07-17 03:59:01.496952,74278bda-b644-4520-8f0c-720eaf059935,1,28336,197,-88
681,DC:A6:32:55:FC:3E,2020-07-17 03:59:01.496952,aede318c-caf8-11ea-887c-dca63255fc3b,1,1,1,-42
682,98:04:ED:C0:E4:41,2020-07-17 03:59:02.135090,74278bda-b644-4520-8f0c-720eaf059935,1,28336,197,-91
683,DC:A6:32:55:FC:3E,2020-07-17 03:59:02.135090,aede318c-caf8-11ea-887c-dca63255fc3b,1,1,1,-42
684,98:04:ED:C0:E4:41,2020-07-17 03:59:03.218315,74278bda-b644-4520-8f0c-720eaf059935,1,28336,197,-88
685,DC:A6:32:55:FC:3E,2020-07-17 03:59:03.218315,aede318c-caf8-11ea-887c-dca63255fc3b,1,1,1,-41
686,98:04:ED:C0:E4:41,2020-07-17 03:59:04.008370,74278bda-b644-4520-8f0c-720eaf059935,1,28336,197,-86
687,DC:A6:32:55:FC:3E,2020-07-17 03:59:04.008370,aede318c-caf8-11ea-887c-dca63255fc3b,1,1,1,-37
688,DC:A6:32:55:FC:3E,2020-07-17 03:59:05.032059,aede318c-caf8-11ea-887c-dca63255fc3b,1,1,1,-37
689,98:04:ED:C0:E4:41,2020-07-17 03:59:05.032059,74278bda-b644-4520-8f0c-720eaf059935,1,28336,197,-88
690,98:04:ED:C0:E4:41,2020-07-17 03:59:06.042159,74278bda-b644-4520-8f0c-720eaf059935,1,28336,197,-93
691,DC:A6:32:55:FC:3E,2020-07-17 03:59:06.042159,aede318c-caf8-11ea-887c-dca63255fc3b,1,1,1,-37
692,98:04:ED:C0:E4:41,2020-07-17 03:59:07.032180,74278bda-b644-4520-8f0c-720eaf059935,1,28336,197,-86
693,DC:A6:32:55:FC:3E,2020-07-17 03:59:07.032180,aede318c-caf8-11ea-887c-dca63255fc3b,1,1,1,-43
694,98:04:ED:C0:E4:41,2020-07-17 03:59:08.125883,74278bda-b644-4520-8f0c-720eaf059935,1,28336,197,-86
695,DC:A6:32:55:FC:3E,2020-07-17 03:59:08.125883,aede318c-caf8-11ea-887c-dca63255fc3b,1,1,1,-41
696,98:04:ED:C0:E4:41,2020-07-17 03:59:09.424738,74278bda-b644-4520-8f0c-720eaf059935,1,28336,197,-87
697,DC:A6:32:55:FC:3E,2020-07-17 03:59:09.424738,aede318c-caf8-11ea-887c-dca63255fc3b,1,1,1,-42
698,98:04:ED:C0:E4:41,2020-07-17 03:59:10.114672,74278bda-b644-4520-8f0c-720eaf059935,1,28336,197,-85
699,DC:A6:32:55:FC:3E,2020-07-17 03:59:10.114672,aede318c-caf8-11ea-887c-dca63255fc3b,1,1,1,-43
700,DC:A6:32:55:FC:3E,2020-07-17 03:59:11.149201,aede318c-caf8-11ea-887c-dca63255fc3b,1,1,1,-42
701,98:04:ED:C0:E4:41,2020-07-17 03:59:11.149201,74278bda-b644-4520-8f0c-720eaf059935,1,28336,197,-91
702,DC:A6:32:55:FC:3E,2020-07-17 03:59:12.034867,aede318c-caf8-11ea-887c-dca63255fc3b,1,1,1,-36
703,98:04:ED:C0:E4:41,2020-07-17 03:59:12.034867,74278bda-b644-4520-8f0c-720eaf059935,1,28336,197,-86
704,98:04:ED:C0:E4:41,2020-07-17 03:59:13.357357,74278bda-b644-4520-8f0c-720eaf059935,1,28336,197,-87
705,DC:A6:32:55:FC:3E,2020-07-17 03:59:13.357357,aede318c-caf8-11ea-887c-dca63255fc3b,1,1,1,-41
706,98:04:ED:C0:E4:41,2020-07-17 03:59:14.084923,74278bda-b644-4520-8f0c-720eaf059935,1,28336,197,-85
707,DC:A6:32:55:FC:3E,2020-07-17 03:59:14.084923,aede318c-caf8-11ea-887c-dca63255fc3b,1,1,1,-41
708,DC:A6:32:55:FC:3E,2020-07-17 03:59:15.368703,aede318c-caf8-11ea-887c-dca63255fc3b,1,1,1,-42
709,98:04:ED:C0:E4:41,2020-07-17 03:59:15.368703,74278bda-b644-4520-8f0c-720eaf059935,1,28336,197,-94
710,98:04:ED:C0:E4:41,2020-07-17 03:59:16.018687,74278bda-b644-4520-8f0c-720eaf059935,1,28336,197,-84
711,DC:A6:32:55:FC:3E,2020-07-17 03:59:16.018687,aede318c-caf8-11ea-887c-dca63255fc3b,1,1,1,-42
712,98:04:ED:C0:E4:41,2020-07-17 03:59:17.208430,74278bda-b644-4520-8f0c-720eaf059935,1,28336,197,-85
713,DC:A6:32:55:FC:3E,2020-07-17 03:59:17.208430,aede318c-caf8-11ea-887c-dca63255fc3b,1,1,1,-42
714,98:04:ED:C0:E4:41,2020-07-17 03:59:18.012520,74278bda-b644-4520-8f0c-720eaf059935,1,28336,197,-84
715,DC:A6:32:55:FC:3E,2020-07-17 03:59:18.012520,aede318c-caf8-11ea-887c-dca63255fc3b,1,1,1,-41
716,98:04:ED:C0:E4:41,2020-07-17 03:59:19.371292,74278bda-b644-4520-8f0c-720eaf059935,1,28336,197,-86
717,DC:A6:32:55:FC:3E,2020-07-17 03:59:19.371292,aede318c-caf8-11ea-887c-dca63255fc3b,1,1,1,-43
718,98:04:ED:C0:E4:41,2020-07-17 03:59:20.147442,74278bda-b644-4520-8f0c-720eaf059935,1,28336,197,-92
719,DC:A6:32:55:FC:3E,2020-07-17 03:59:20.147442,aede318c-caf8-11ea-887c-dca63255fc3b,1,1,1,-39
720,98:04:ED:C0:E4:41,2020-07-17 03:59:21.172569,74278bda-b644-4520-8f0c-720eaf059935,1,28336,197,-92
721,DC:A6:32:55:FC:3E,2020-07-17 03:59:21.172569,aede318c-caf8-11ea-887c-dca63255fc3b,1,1,1,-42
722,DC:A6:32:55:FC:3E,2020-07-17 03:59:22.173896,aede318c-caf8-11ea-887c-dca63255fc3b,1,1,1,-42
723,98:04:ED:C0:E4:41,2020-07-17 03:59:22.173896,74278bda-b644-4520-8f0c-720eaf059935,1,28336,197,-84
724,98:04:ED:C0:E4:41,2020-07-17 03:59:23.167616,74278bda-b644-4520-8f0c-720eaf059935,1,28336,197,-86
725,DC:A6:32:55:FC:3E,2020-07-17 03:59:23.167616,aede318c-caf8-11ea-887c-dca63255fc3b,1,1,1,-43
726,98:04:ED:C0:E4:41,2020-07-17 03:59:24.152663,74278bda-b644-4520-8f0c-720eaf059935,1,28336,197,-90
727,DC:A6:32:55:FC:3E,2020-07-17 03:59:24.152663,aede318c-caf8-11ea-887c-dca63255fc3b,1,1,1,-42
