 aSCAN,ADDRESS,TIMESTAMP,UUID,MAJOR,MINOR,TX POWER,RSSI
0,DC:A6:32:55:FC:3E,2020-07-16 22:22:49.288619,f452d6ce-c7dc-11ea-a4b0-dca63255fc3b,1,1,1,-44
1,DC:A6:32:55:FC:3E,2020-07-16 22:22:50.287973,f452d6ce-c7dc-11ea-a4b0-dca63255fc3b,1,1,1,-45
2,DC:A6:32:55:FC:3E,2020-07-16 22:22:51.018002,f452d6ce-c7dc-11ea-a4b0-dca63255fc3b,1,1,1,-48
3,DC:A6:32:55:FC:3E,2020-07-16 22:22:52.118041,f452d6ce-c7dc-11ea-a4b0-dca63255fc3b,1,1,1,-43
4,DC:A6:32:55:FC:3E,2020-07-16 22:22:53.035524,f452d6ce-c7dc-11ea-a4b0-dca63255fc3b,1,1,1,-46
5,DC:A6:32:55:FC:3E,2020-07-16 22:22:54.080617,f452d6ce-c7dc-11ea-a4b0-dca63255fc3b,1,1,1,-51
6,DC:A6:32:55:FC:3E,2020-07-16 22:22:55.113722,f452d6ce-c7dc-11ea-a4b0-dca63255fc3b,1,1,1,-40
7,DC:A6:32:55:FC:3E,2020-07-16 22:22:56.478126,f452d6ce-c7dc-11ea-a4b0-dca63255fc3b,1,1,1,-43
8,DC:A6:32:55:FC:3E,2020-07-16 22:22:57.208108,f452d6ce-c7dc-11ea-a4b0-dca63255fc3b,1,1,1,-43
9,DC:A6:32:55:FC:3E,2020-07-16 22:22:58.006894,f452d6ce-c7dc-11ea-a4b0-dca63255fc3b,1,1,1,-48
10,DC:A6:32:55:FC:3E,2020-07-16 22:22:59.231313,f452d6ce-c7dc-11ea-a4b0-dca63255fc3b,1,1,1,-44
11,DC:A6:32:55:FC:3E,2020-07-16 22:23:00.632605,f452d6ce-c7dc-11ea-a4b0-dca63255fc3b,1,1,1,-48
12,DC:A6:32:55:FC:3E,2020-07-16 22:23:01.109481,f452d6ce-c7dc-11ea-a4b0-dca63255fc3b,1,1,1,-48
13,DC:A6:32:55:FC:3E,2020-07-16 22:23:02.009489,f452d6ce-c7dc-11ea-a4b0-dca63255fc3b,1,1,1,-47
14,DC:A6:32:55:FC:3E,2020-07-16 22:23:04.014595,f452d6ce-c7dc-11ea-a4b0-dca63255fc3b,1,1,1,-45
15,DC:A6:32:55:FC:3E,2020-07-16 22:23:05.219575,f452d6ce-c7dc-11ea-a4b0-dca63255fc3b,1,1,1,-45
16,DC:A6:32:55:FC:3E,2020-07-16 22:23:06.450850,f452d6ce-c7dc-11ea-a4b0-dca63255fc3b,1,1,1,-49
17,DC:A6:32:55:FC:3E,2020-07-16 22:23:07.168499,f452d6ce-c7dc-11ea-a4b0-dca63255fc3b,1,1,1,-45
18,DC:A6:32:55:FC:3E,2020-07-16 22:23:08.099617,f452d6ce-c7dc-11ea-a4b0-dca63255fc3b,1,1,1,-40
19,DC:A6:32:55:FC:3E,2020-07-16 22:23:09.050887,f452d6ce-c7dc-11ea-a4b0-dca63255fc3b,1,1,1,-45
20,DC:A6:32:55:FC:3E,2020-07-16 22:23:10.028443,f452d6ce-c7dc-11ea-a4b0-dca63255fc3b,1,1,1,-43
21,DC:A6:32:55:FC:3E,2020-07-16 22:23:11.634077,f452d6ce-c7dc-11ea-a4b0-dca63255fc3b,1,1,1,-48
22,DC:A6:32:55:FC:3E,2020-07-16 22:23:12.069669,f452d6ce-c7dc-11ea-a4b0-dca63255fc3b,1,1,1,-48
23,DC:A6:32:55:FC:3E,2020-07-16 22:23:14.074842,f452d6ce-c7dc-11ea-a4b0-dca63255fc3b,1,1,1,-43
24,DC:A6:32:55:FC:3E,2020-07-16 22:23:15.076027,f452d6ce-c7dc-11ea-a4b0-dca63255fc3b,1,1,1,-43
25,DC:A6:32:55:FC:3E,2020-07-16 22:23:16.011677,f452d6ce-c7dc-11ea-a4b0-dca63255fc3b,1,1,1,-48
26,DC:A6:32:55:FC:3E,2020-07-16 22:23:17.059841,f452d6ce-c7dc-11ea-a4b0-dca63255fc3b,1,1,1,-48
27,DC:A6:32:55:FC:3E,2020-07-16 22:23:18.061073,f452d6ce-c7dc-11ea-a4b0-dca63255fc3b,1,1,1,-43
28,DC:A6:32:55:FC:3E,2020-07-16 22:23:19.047353,f452d6ce-c7dc-11ea-a4b0-dca63255fc3b,1,1,1,-45
29,DC:A6:32:55:FC:3E,2020-07-16 22:23:20.573722,f452d6ce-c7dc-11ea-a4b0-dca63255fc3b,1,1,1,-48
30,DC:A6:32:55:FC:3E,2020-07-16 22:23:21.184948,f452d6ce-c7dc-11ea-a4b0-dca63255fc3b,1,1,1,-45
31,DC:A6:32:55:FC:3E,2020-07-16 22:23:22.771279,f452d6ce-c7dc-11ea-a4b0-dca63255fc3b,1,1,1,-43
32,DC:A6:32:55:FC:3E,2020-07-16 22:23:23.041885,f452d6ce-c7dc-11ea-a4b0-dca63255fc3b,1,1,1,-47
33,DC:A6:32:55:FC:3E,2020-07-16 22:23:24.781361,f452d6ce-c7dc-11ea-a4b0-dca63255fc3b,1,1,1,-45
34,DC:A6:32:55:FC:3E,2020-07-16 22:23:25.022479,f452d6ce-c7dc-11ea-a4b0-dca63255fc3b,1,1,1,-40
35,DC:A6:32:55:FC:3E,2020-07-16 22:23:26.071373,f452d6ce-c7dc-11ea-a4b0-dca63255fc3b,1,1,1,-43
36,DC:A6:32:55:FC:3E,2020-07-16 22:23:27.033977,f452d6ce-c7dc-11ea-a4b0-dca63255fc3b,1,1,1,-45
37,DC:A6:32:55:FC:3E,2020-07-16 22:23:28.166522,f452d6ce-c7dc-11ea-a4b0-dca63255fc3b,1,1,1,-48
38,DC:A6:32:55:FC:3E,2020-07-16 22:23:29.167734,f452d6ce-c7dc-11ea-a4b0-dca63255fc3b,1,1,1,-45
39,DC:A6:32:55:FC:3E,2020-07-16 22:23:30.166445,f452d6ce-c7dc-11ea-a4b0-dca63255fc3b,1,1,1,-41
40,DC:A6:32:55:FC:3E,2020-07-16 22:23:31.592797,f452d6ce-c7dc-11ea-a4b0-dca63255fc3b,1,1,1,-44
41,DC:A6:32:55:FC:3E,2020-07-16 22:23:32.007709,f452d6ce-c7dc-11ea-a4b0-dca63255fc3b,1,1,1,-43
42,DC:A6:32:55:FC:3E,2020-07-16 22:23:33.636585,f452d6ce-c7dc-11ea-a4b0-dca63255fc3b,1,1,1,-45
43,DC:A6:32:55:FC:3E,2020-07-16 22:23:34.130298,f452d6ce-c7dc-11ea-a4b0-dca63255fc3b,1,1,1,-40
44,DC:A6:32:55:FC:3E,2020-07-16 22:23:35.136513,f452d6ce-c7dc-11ea-a4b0-dca63255fc3b,1,1,1,-48
45,DC:A6:32:55:FC:3E,2020-07-16 22:23:36.221561,f452d6ce-c7dc-11ea-a4b0-dca63255fc3b,1,1,1,-45
46,DC:A6:32:55:FC:3E,2020-07-16 22:23:37.002850,f452d6ce-c7dc-11ea-a4b0-dca63255fc3b,1,1,1,-48
47,DC:A6:32:55:FC:3E,2020-07-16 22:23:38.052376,f452d6ce-c7dc-11ea-a4b0-dca63255fc3b,1,1,1,-41
48,DC:A6:32:55:FC:3E,2020-07-16 22:23:40.056754,f452d6ce-c7dc-11ea-a4b0-dca63255fc3b,1,1,1,-48
49,DC:A6:32:55:FC:3E,2020-07-16 22:23:41.354233,f452d6ce-c7dc-11ea-a4b0-dca63255fc3b,1,1,1,-45
50,DC:A6:32:55:FC:3E,2020-07-16 22:23:42.760465,f452d6ce-c7dc-11ea-a4b0-dca63255fc3b,1,1,1,-45
51,DC:A6:32:55:FC:3E,2020-07-16 22:23:43.031710,f452d6ce-c7dc-11ea-a4b0-dca63255fc3b,1,1,1,-47
52,DC:A6:32:55:FC:3E,2020-07-16 22:23:44.131770,f452d6ce-c7dc-11ea-a4b0-dca63255fc3b,1,1,1,-48
53,DC:A6:32:55:FC:3E,2020-07-16 22:23:45.179351,f452d6ce-c7dc-11ea-a4b0-dca63255fc3b,1,1,1,-45
54,DC:A6:32:55:FC:3E,2020-07-16 22:23:46.072514,f452d6ce-c7dc-11ea-a4b0-dca63255fc3b,1,1,1,-45
55,DC:A6:32:55:FC:3E,2020-07-16 22:23:47.028114,f452d6ce-c7dc-11ea-a4b0-dca63255fc3b,1,1,1,-45
56,DC:A6:32:55:FC:3E,2020-07-16 22:23:48.329483,f452d6ce-c7dc-11ea-a4b0-dca63255fc3b,1,1,1,-43
57,DC:A6:32:55:FC:3E,2020-07-16 22:23:49.099367,f452d6ce-c7dc-11ea-a4b0-dca63255fc3b,1,1,1,-41
58,DC:A6:32:55:FC:3E,2020-07-16 22:23:50.739460,f452d6ce-c7dc-11ea-a4b0-dca63255fc3b,1,1,1,-46
59,DC:A6:32:55:FC:3E,2020-07-16 22:23:51.086311,f452d6ce-c7dc-11ea-a4b0-dca63255fc3b,1,1,1,-49
60,DC:A6:32:55:FC:3E,2020-07-16 22:23:52.078257,f452d6ce-c7dc-11ea-a4b0-dca63255fc3b,1,1,1,-45
61,DC:A6:32:55:FC:3E,2020-07-16 22:23:53.209465,f452d6ce-c7dc-11ea-a4b0-dca63255fc3b,1,1,1,-43
62,DC:A6:32:55:FC:3E,2020-07-16 22:23:54.030716,f452d6ce-c7dc-11ea-a4b0-dca63255fc3b,1,1,1,-43
63,DC:A6:32:55:FC:3E,2020-07-16 22:23:55.019529,f452d6ce-c7dc-11ea-a4b0-dca63255fc3b,1,1,1,-48
64,DC:A6:32:55:FC:3E,2020-07-16 22:23:56.050784,f452d6ce-c7dc-11ea-a4b0-dca63255fc3b,1,1,1,-48
65,DC:A6:32:55:FC:3E,2020-07-16 22:23:57.132016,f452d6ce-c7dc-11ea-a4b0-dca63255fc3b,1,1,1,-40
66,DC:A6:32:55:FC:3E,2020-07-16 22:23:58.020986,f452d6ce-c7dc-11ea-a4b0-dca63255fc3b,1,1,1,-45
67,DC:A6:32:55:FC:3E,2020-07-16 22:23:59.277216,f452d6ce-c7dc-11ea-a4b0-dca63255fc3b,1,1,1,-48
68,DC:A6:32:55:FC:3E,2020-07-16 22:24:00.859651,f452d6ce-c7dc-11ea-a4b0-dca63255fc3b,1,1,1,-44
69,DC:A6:32:55:FC:3E,2020-07-16 22:24:01.013944,f452d6ce-c7dc-11ea-a4b0-dca63255fc3b,1,1,1,-43
70,DC:A6:32:55:FC:3E,2020-07-16 22:24:02.007199,f452d6ce-c7dc-11ea-a4b0-dca63255fc3b,1,1,1,-45
71,DC:A6:32:55:FC:3E,2020-07-16 22:24:03.159682,f452d6ce-c7dc-11ea-a4b0-dca63255fc3b,1,1,1,-45
72,DC:A6:32:55:FC:3E,2020-07-16 22:24:04.022906,f452d6ce-c7dc-11ea-a4b0-dca63255fc3b,1,1,1,-47
73,DC:A6:32:55:FC:3E,2020-07-16 22:24:05.016655,f452d6ce-c7dc-11ea-a4b0-dca63255fc3b,1,1,1,-45
74,DC:A6:32:55:FC:3E,2020-07-16 22:24:06.209784,f452d6ce-c7dc-11ea-a4b0-dca63255fc3b,1,1,1,-48
75,DC:A6:32:55:FC:3E,2020-07-16 22:24:07.489856,f452d6ce-c7dc-11ea-a4b0-dca63255fc3b,1,1,1,-43
76,DC:A6:32:55:FC:3E,2020-07-16 22:24:08.161091,f452d6ce-c7dc-11ea-a4b0-dca63255fc3b,1,1,1,-47
77,DC:A6:32:55:FC:3E,2020-07-16 22:24:09.575056,f452d6ce-c7dc-11ea-a4b0-dca63255fc3b,1,1,1,-43
78,DC:A6:32:55:FC:3E,2020-07-16 22:24:10.052459,f452d6ce-c7dc-11ea-a4b0-dca63255fc3b,1,1,1,-44
79,DC:A6:32:55:FC:3E,2020-07-16 22:24:11.219945,f452d6ce-c7dc-11ea-a4b0-dca63255fc3b,1,1,1,-48
80,DC:A6:32:55:FC:3E,2020-07-16 22:24:12.196193,f452d6ce-c7dc-11ea-a4b0-dca63255fc3b,1,1,1,-47
81,DC:A6:32:55:FC:3E,2020-07-16 22:24:13.131251,f452d6ce-c7dc-11ea-a4b0-dca63255fc3b,1,1,1,-45
82,DC:A6:32:55:FC:3E,2020-07-16 22:24:14.047561,f452d6ce-c7dc-11ea-a4b0-dca63255fc3b,1,1,1,-48
83,DC:A6:32:55:FC:3E,2020-07-16 22:24:15.002468,f452d6ce-c7dc-11ea-a4b0-dca63255fc3b,1,1,1,-45
84,DC:A6:32:55:FC:3E,2020-07-16 22:24:16.588884,f452d6ce-c7dc-11ea-a4b0-dca63255fc3b,1,1,1,-48
85,DC:A6:32:55:FC:3E,2020-07-16 22:24:17.064383,f452d6ce-c7dc-11ea-a4b0-dca63255fc3b,1,1,1,-45
86,DC:A6:32:55:FC:3E,2020-07-16 22:24:18.203174,f452d6ce-c7dc-11ea-a4b0-dca63255fc3b,1,1,1,-45
87,DC:A6:32:55:FC:3E,2020-07-16 22:24:19.067807,f452d6ce-c7dc-11ea-a4b0-dca63255fc3b,1,1,1,-43
88,DC:A6:32:55:FC:3E,2020-07-16 22:24:20.058911,f452d6ce-c7dc-11ea-a4b0-dca63255fc3b,1,1,1,-40
89,DC:A6:32:55:FC:3E,2020-07-16 22:24:21.130146,f452d6ce-c7dc-11ea-a4b0-dca63255fc3b,1,1,1,-41
90,DC:A6:32:55:FC:3E,2020-07-16 22:24:22.152044,f452d6ce-c7dc-11ea-a4b0-dca63255fc3b,1,1,1,-44
91,DC:A6:32:55:FC:3E,2020-07-16 22:24:23.031487,f452d6ce-c7dc-11ea-a4b0-dca63255fc3b,1,1,1,-45
92,DC:A6:32:55:FC:3E,2020-07-16 22:24:24.290202,f452d6ce-c7dc-11ea-a4b0-dca63255fc3b,1,1,1,-44
93,DC:A6:32:55:FC:3E,2020-07-16 22:24:25.172786,f452d6ce-c7dc-11ea-a4b0-dca63255fc3b,1,1,1,-45
94,DC:A6:32:55:FC:3E,2020-07-16 22:24:26.279027,f452d6ce-c7dc-11ea-a4b0-dca63255fc3b,1,1,1,-42
95,DC:A6:32:55:FC:3E,2020-07-16 22:24:27.218977,f452d6ce-c7dc-11ea-a4b0-dca63255fc3b,1,1,1,-43
96,DC:A6:32:55:FC:3E,2020-07-16 22:24:28.175245,f452d6ce-c7dc-11ea-a4b0-dca63255fc3b,1,1,1,-43
97,DC:A6:32:55:FC:3E,2020-07-16 22:24:29.042998,f452d6ce-c7dc-11ea-a4b0-dca63255fc3b,1,1,1,-45
98,DC:A6:32:55:FC:3E,2020-07-16 22:24:30.052267,f452d6ce-c7dc-11ea-a4b0-dca63255fc3b,1,1,1,-45
99,DC:A6:32:55:FC:3E,2020-07-16 22:24:31.039111,f452d6ce-c7dc-11ea-a4b0-dca63255fc3b,1,1,1,-45
100,DC:A6:32:55:FC:3E,2020-07-16 22:24:32.477929,f452d6ce-c7dc-11ea-a4b0-dca63255fc3b,1,1,1,-48
101,DC:A6:32:55:FC:3E,2020-07-16 22:24:33.234133,f452d6ce-c7dc-11ea-a4b0-dca63255fc3b,1,1,1,-48
102,DC:A6:32:55:FC:3E,2020-07-16 22:24:34.239271,f452d6ce-c7dc-11ea-a4b0-dca63255fc3b,1,1,1,-42
103,DC:A6:32:55:FC:3E,2020-07-16 22:24:35.067985,f452d6ce-c7dc-11ea-a4b0-dca63255fc3b,1,1,1,-49
104,DC:A6:32:55:FC:3E,2020-07-16 22:24:36.251726,f452d6ce-c7dc-11ea-a4b0-dca63255fc3b,1,1,1,-40
105,DC:A6:32:55:FC:3E,2020-07-16 22:24:37.091706,f452d6ce-c7dc-11ea-a4b0-dca63255fc3b,1,1,1,-45
106,DC:A6:32:55:FC:3E,2020-07-16 22:24:38.079310,f452d6ce-c7dc-11ea-a4b0-dca63255fc3b,1,1,1,-48
107,DC:A6:32:55:FC:3E,2020-07-16 22:24:39.379508,f452d6ce-c7dc-11ea-a4b0-dca63255fc3b,1,1,1,-48
108,DC:A6:32:55:FC:3E,2020-07-16 22:24:40.004425,f452d6ce-c7dc-11ea-a4b0-dca63255fc3b,1,1,1,-41
109,DC:A6:32:55:FC:3E,2020-07-16 22:24:41.513193,f452d6ce-c7dc-11ea-a4b0-dca63255fc3b,1,1,1,-48
110,DC:A6:32:55:FC:3E,2020-07-16 22:24:42.059377,f452d6ce-c7dc-11ea-a4b0-dca63255fc3b,1,1,1,-45
111,DC:A6:32:55:FC:3E,2020-07-16 22:24:43.022452,f452d6ce-c7dc-11ea-a4b0-dca63255fc3b,1,1,1,-43
112,DC:A6:32:55:FC:3E,2020-07-16 22:24:44.275677,f452d6ce-c7dc-11ea-a4b0-dca63255fc3b,1,1,1,-45
113,DC:A6:32:55:FC:3E,2020-07-16 22:24:45.038209,f452d6ce-c7dc-11ea-a4b0-dca63255fc3b,1,1,1,-43
114,DC:A6:32:55:FC:3E,2020-07-16 22:24:46.140763,f452d6ce-c7dc-11ea-a4b0-dca63255fc3b,1,1,1,-48
115,DC:A6:32:55:FC:3E,2020-07-16 22:24:47.240745,f452d6ce-c7dc-11ea-a4b0-dca63255fc3b,1,1,1,-45
116,DC:A6:32:55:FC:3E,2020-07-16 22:24:48.113254,f452d6ce-c7dc-11ea-a4b0-dca63255fc3b,1,1,1,-43
117,DC:A6:32:55:FC:3E,2020-07-16 22:24:49.183496,f452d6ce-c7dc-11ea-a4b0-dca63255fc3b,1,1,1,-48
118,DC:A6:32:55:FC:3E,2020-07-16 22:24:50.216593,f452d6ce-c7dc-11ea-a4b0-dca63255fc3b,1,1,1,-44
119,DC:A6:32:55:FC:3E,2020-07-16 22:24:51.089639,f452d6ce-c7dc-11ea-a4b0-dca63255fc3b,1,1,1,-48
120,DC:A6:32:55:FC:3E,2020-07-16 22:24:52.006468,f452d6ce-c7dc-11ea-a4b0-dca63255fc3b,1,1,1,-45
121,DC:A6:32:55:FC:3E,2020-07-16 22:24:53.107217,f452d6ce-c7dc-11ea-a4b0-dca63255fc3b,1,1,1,-43
122,DC:A6:32:55:FC:3E,2020-07-16 22:24:54.012141,f452d6ce-c7dc-11ea-a4b0-dca63255fc3b,1,1,1,-48
123,DC:A6:32:55:FC:3E,2020-07-16 22:24:56.017267,f452d6ce-c7dc-11ea-a4b0-dca63255fc3b,1,1,1,-48
124,DC:A6:32:55:FC:3E,2020-07-16 22:24:57.040978,f452d6ce-c7dc-11ea-a4b0-dca63255fc3b,1,1,1,-40
125,DC:A6:32:55:FC:3E,2020-07-16 22:24:58.055952,f452d6ce-c7dc-11ea-a4b0-dca63255fc3b,1,1,1,-44
126,DC:A6:32:55:FC:3E,2020-07-16 22:25:00.022287,f452d6ce-c7dc-11ea-a4b0-dca63255fc3b,1,1,1,-42
127,DC:A6:32:55:FC:3E,2020-07-16 22:25:02.027409,f452d6ce-c7dc-11ea-a4b0-dca63255fc3b,1,1,1,-48
128,DC:A6:32:55:FC:3E,2020-07-16 22:25:03.018645,f452d6ce-c7dc-11ea-a4b0-dca63255fc3b,1,1,1,-45
129,DC:A6:32:55:FC:3E,2020-07-16 22:25:04.213612,f452d6ce-c7dc-11ea-a4b0-dca63255fc3b,1,1,1,-43
130,DC:A6:32:55:FC:3E,2020-07-16 22:25:05.190018,f452d6ce-c7dc-11ea-a4b0-dca63255fc3b,1,1,1,-48
131,DC:A6:32:55:FC:3E,2020-07-16 22:25:06.241196,f452d6ce-c7dc-11ea-a4b0-dca63255fc3b,1,1,1,-43
132,DC:A6:32:55:FC:3E,2020-07-16 22:25:07.015050,f452d6ce-c7dc-11ea-a4b0-dca63255fc3b,1,1,1,-45
133,DC:A6:32:55:FC:3E,2020-07-16 22:25:08.082523,f452d6ce-c7dc-11ea-a4b0-dca63255fc3b,1,1,1,-48
134,DC:A6:32:55:FC:3E,2020-07-16 22:25:09.003793,f452d6ce-c7dc-11ea-a4b0-dca63255fc3b,1,1,1,-48
135,DC:A6:32:55:FC:3E,2020-07-16 22:25:10.102738,f452d6ce-c7dc-11ea-a4b0-dca63255fc3b,1,1,1,-48
136,DC:A6:32:55:FC:3E,2020-07-16 22:25:11.181409,f452d6ce-c7dc-11ea-a4b0-dca63255fc3b,1,1,1,-45
137,DC:A6:32:55:FC:3E,2020-07-16 22:25:13.186471,f452d6ce-c7dc-11ea-a4b0-dca63255fc3b,1,1,1,-45
138,DC:A6:32:55:FC:3E,2020-07-16 22:25:14.022651,f452d6ce-c7dc-11ea-a4b0-dca63255fc3b,1,1,1,-43
139,DC:A6:32:55:FC:3E,2020-07-16 22:25:15.268962,f452d6ce-c7dc-11ea-a4b0-dca63255fc3b,1,1,1,-45
140,DC:A6:32:55:FC:3E,2020-07-16 22:25:16.071496,f452d6ce-c7dc-11ea-a4b0-dca63255fc3b,1,1,1,-40
141,DC:A6:32:55:FC:3E,2020-07-16 22:25:17.170269,f452d6ce-c7dc-11ea-a4b0-dca63255fc3b,1,1,1,-45
142,DC:A6:32:55:FC:3E,2020-07-16 22:25:18.271451,f452d6ce-c7dc-11ea-a4b0-dca63255fc3b,1,1,1,-45
143,DC:A6:32:55:FC:3E,2020-07-16 22:25:19.097204,f452d6ce-c7dc-11ea-a4b0-dca63255fc3b,1,1,1,-48
144,DC:A6:32:55:FC:3E,2020-07-16 22:25:20.142932,f452d6ce-c7dc-11ea-a4b0-dca63255fc3b,1,1,1,-45
145,DC:A6:32:55:FC:3E,2020-07-16 22:25:21.009106,f452d6ce-c7dc-11ea-a4b0-dca63255fc3b,1,1,1,-48
146,DC:A6:32:55:FC:3E,2020-07-16 22:25:22.114179,f452d6ce-c7dc-11ea-a4b0-dca63255fc3b,1,1,1,-48
147,DC:A6:32:55:FC:3E,2020-07-16 22:25:23.763633,f452d6ce-c7dc-11ea-a4b0-dca63255fc3b,1,1,1,-43
148,DC:A6:32:55:FC:3E,2020-07-16 22:25:24.015954,f452d6ce-c7dc-11ea-a4b0-dca63255fc3b,1,1,1,-45
149,DC:A6:32:55:FC:3E,2020-07-16 22:25:25.139211,f452d6ce-c7dc-11ea-a4b0-dca63255fc3b,1,1,1,-43
150,DC:A6:32:55:FC:3E,2020-07-16 22:25:26.244173,f452d6ce-c7dc-11ea-a4b0-dca63255fc3b,1,1,1,-44
151,DC:A6:32:55:FC:3E,2020-07-16 22:25:28.249278,f452d6ce-c7dc-11ea-a4b0-dca63255fc3b,1,1,1,-48
152,DC:A6:32:55:FC:3E,2020-07-16 22:25:29.237410,f452d6ce-c7dc-11ea-a4b0-dca63255fc3b,1,1,1,-48
153,DC:A6:32:55:FC:3E,2020-07-16 22:25:30.461002,f452d6ce-c7dc-11ea-a4b0-dca63255fc3b,1,1,1,-43
154,DC:A6:32:55:FC:3E,2020-07-16 22:25:31.289439,f452d6ce-c7dc-11ea-a4b0-dca63255fc3b,1,1,1,-43
155,DC:A6:32:55:FC:3E,2020-07-16 22:25:32.497459,f452d6ce-c7dc-11ea-a4b0-dca63255fc3b,1,1,1,-41
156,DC:A6:32:55:FC:3E,2020-07-16 22:25:33.051896,f452d6ce-c7dc-11ea-a4b0-dca63255fc3b,1,1,1,-49
157,DC:A6:32:55:FC:3E,2020-07-16 22:25:34.511904,f452d6ce-c7dc-11ea-a4b0-dca63255fc3b,1,1,1,-45
158,DC:A6:32:55:FC:3E,2020-07-16 22:25:35.038716,f452d6ce-c7dc-11ea-a4b0-dca63255fc3b,1,1,1,-45
159,DC:A6:32:55:FC:3E,2020-07-16 22:25:37.043401,f452d6ce-c7dc-11ea-a4b0-dca63255fc3b,1,1,1,-44
160,DC:A6:32:55:FC:3E,2020-07-16 22:25:38.270737,f452d6ce-c7dc-11ea-a4b0-dca63255fc3b,1,1,1,-48
161,DC:A6:32:55:FC:3E,2020-07-16 22:25:39.303306,f452d6ce-c7dc-11ea-a4b0-dca63255fc3b,1,1,1,-45
162,DC:A6:32:55:FC:3E,2020-07-16 22:25:40.069562,f452d6ce-c7dc-11ea-a4b0-dca63255fc3b,1,1,1,-45
163,DC:A6:32:55:FC:3E,2020-07-16 22:25:41.170999,f452d6ce-c7dc-11ea-a4b0-dca63255fc3b,1,1,1,-43
164,DC:A6:32:55:FC:3E,2020-07-16 22:25:42.092117,f452d6ce-c7dc-11ea-a4b0-dca63255fc3b,1,1,1,-41
165,DC:A6:32:55:FC:3E,2020-07-16 22:25:43.129680,f452d6ce-c7dc-11ea-a4b0-dca63255fc3b,1,1,1,-45
166,DC:A6:32:55:FC:3E,2020-07-16 22:25:44.009671,f452d6ce-c7dc-11ea-a4b0-dca63255fc3b,1,1,1,-42
167,DC:A6:32:55:FC:3E,2020-07-16 22:25:45.030880,f452d6ce-c7dc-11ea-a4b0-dca63255fc3b,1,1,1,-48
168,DC:A6:32:55:FC:3E,2020-07-16 22:25:46.130965,f452d6ce-c7dc-11ea-a4b0-dca63255fc3b,1,1,1,-45
169,DC:A6:32:55:FC:3E,2020-07-16 22:25:47.291037,f452d6ce-c7dc-11ea-a4b0-dca63255fc3b,1,1,1,-48
170,DC:A6:32:55:FC:3E,2020-07-16 22:25:48.074690,f452d6ce-c7dc-11ea-a4b0-dca63255fc3b,1,1,1,-45
171,DC:A6:32:55:FC:3E,2020-07-16 22:25:49.139755,f452d6ce-c7dc-11ea-a4b0-dca63255fc3b,1,1,1,-43
172,DC:A6:32:55:FC:3E,2020-07-16 22:25:50.422297,f452d6ce-c7dc-11ea-a4b0-dca63255fc3b,1,1,1,-45
173,DC:A6:32:55:FC:3E,2020-07-16 22:25:51.003748,f452d6ce-c7dc-11ea-a4b0-dca63255fc3b,1,1,1,-48
174,DC:A6:32:55:FC:3E,2020-07-16 22:25:52.459894,f452d6ce-c7dc-11ea-a4b0-dca63255fc3b,1,1,1,-45
175,DC:A6:32:55:FC:3E,2020-07-16 22:25:53.102341,f452d6ce-c7dc-11ea-a4b0-dca63255fc3b,1,1,1,-40
176,DC:A6:32:55:FC:3E,2020-07-16 22:25:55.071226,f452d6ce-c7dc-11ea-a4b0-dca63255fc3b,1,1,1,-43
177,DC:A6:32:55:FC:3E,2020-07-16 22:25:56.036778,f452d6ce-c7dc-11ea-a4b0-dca63255fc3b,1,1,1,-44
178,DC:A6:32:55:FC:3E,2020-07-16 22:25:57.376177,f452d6ce-c7dc-11ea-a4b0-dca63255fc3b,1,1,1,-40
179,DC:A6:32:55:FC:3E,2020-07-16 22:25:58.051744,f452d6ce-c7dc-11ea-a4b0-dca63255fc3b,1,1,1,-40
180,DC:A6:32:55:FC:3E,2020-07-16 22:25:59.134925,f452d6ce-c7dc-11ea-a4b0-dca63255fc3b,1,1,1,-45
181,DC:A6:32:55:FC:3E,2020-07-16 22:26:00.422541,f452d6ce-c7dc-11ea-a4b0-dca63255fc3b,1,1,1,-48
182,DC:A6:32:55:FC:3E,2020-07-16 22:26:01.140620,f452d6ce-c7dc-11ea-a4b0-dca63255fc3b,1,1,1,-43
183,DC:A6:32:55:FC:3E,2020-07-16 22:26:02.151501,f452d6ce-c7dc-11ea-a4b0-dca63255fc3b,1,1,1,-44
184,DC:A6:32:55:FC:3E,2020-07-16 22:26:03.205094,f452d6ce-c7dc-11ea-a4b0-dca63255fc3b,1,1,1,-43
185,DC:A6:32:55:FC:3E,2020-07-16 22:26:04.020047,f452d6ce-c7dc-11ea-a4b0-dca63255fc3b,1,1,1,-48
186,DC:A6:32:55:FC:3E,2020-07-16 22:26:05.031419,f452d6ce-c7dc-11ea-a4b0-dca63255fc3b,1,1,1,-31
187,DC:A6:32:55:FC:3E,2020-07-16 22:26:06.181435,f452d6ce-c7dc-11ea-a4b0-dca63255fc3b,1,1,1,-45
188,DC:A6:32:55:FC:3E,2020-07-16 22:26:07.008951,f452d6ce-c7dc-11ea-a4b0-dca63255fc3b,1,1,1,-48
189,DC:A6:32:55:FC:3E,2020-07-16 22:26:08.093884,f452d6ce-c7dc-11ea-a4b0-dca63255fc3b,1,1,1,-47
190,DC:A6:32:55:FC:3E,2020-07-16 22:26:09.147630,f452d6ce-c7dc-11ea-a4b0-dca63255fc3b,1,1,1,-43
191,DC:A6:32:55:FC:3E,2020-07-16 22:26:10.095183,f452d6ce-c7dc-11ea-a4b0-dca63255fc3b,1,1,1,-43
192,DC:A6:32:55:FC:3E,2020-07-16 22:26:11.437889,f452d6ce-c7dc-11ea-a4b0-dca63255fc3b,1,1,1,-40
193,DC:A6:32:55:FC:3E,2020-07-16 22:26:12.163469,f452d6ce-c7dc-11ea-a4b0-dca63255fc3b,1,1,1,-40
194,DC:A6:32:55:FC:3E,2020-07-16 22:26:13.261555,f452d6ce-c7dc-11ea-a4b0-dca63255fc3b,1,1,1,-48
195,DC:A6:32:55:FC:3E,2020-07-16 22:26:14.081549,f452d6ce-c7dc-11ea-a4b0-dca63255fc3b,1,1,1,-48
196,DC:A6:32:55:FC:3E,2020-07-16 22:26:15.431648,f452d6ce-c7dc-11ea-a4b0-dca63255fc3b,1,1,1,-45
197,DC:A6:32:55:FC:3E,2020-07-16 22:26:16.020337,f452d6ce-c7dc-11ea-a4b0-dca63255fc3b,1,1,1,-43
198,DC:A6:32:55:FC:3E,2020-07-16 22:26:17.231574,f452d6ce-c7dc-11ea-a4b0-dca63255fc3b,1,1,1,-40
199,DC:A6:32:55:FC:3E,2020-07-16 22:26:18.005990,f452d6ce-c7dc-11ea-a4b0-dca63255fc3b,1,1,1,-45
200,DC:A6:32:55:FC:3E,2020-07-16 22:26:19.239188,f452d6ce-c7dc-11ea-a4b0-dca63255fc3b,1,1,1,-45
201,DC:A6:32:55:FC:3E,2020-07-16 22:26:20.045405,f452d6ce-c7dc-11ea-a4b0-dca63255fc3b,1,1,1,-40
202,DC:A6:32:55:FC:3E,2020-07-16 22:26:21.029191,f452d6ce-c7dc-11ea-a4b0-dca63255fc3b,1,1,1,-43
203,DC:A6:32:55:FC:3E,2020-07-16 22:26:22.071677,f452d6ce-c7dc-11ea-a4b0-dca63255fc3b,1,1,1,-45
204,DC:A6:32:55:FC:3E,2020-07-16 22:26:23.174279,f452d6ce-c7dc-11ea-a4b0-dca63255fc3b,1,1,1,-40
205,DC:A6:32:55:FC:3E,2020-07-16 22:26:24.130524,f452d6ce-c7dc-11ea-a4b0-dca63255fc3b,1,1,1,-45
206,DC:A6:32:55:FC:3E,2020-07-16 22:26:25.010561,f452d6ce-c7dc-11ea-a4b0-dca63255fc3b,1,1,1,-47
207,DC:A6:32:55:FC:3E,2020-07-16 22:26:26.048058,f452d6ce-c7dc-11ea-a4b0-dca63255fc3b,1,1,1,-48
208,DC:A6:32:55:FC:3E,2020-07-16 22:26:27.038075,f452d6ce-c7dc-11ea-a4b0-dca63255fc3b,1,1,1,-43
209,DC:A6:32:55:FC:3E,2020-07-16 22:26:28.785627,f452d6ce-c7dc-11ea-a4b0-dca63255fc3b,1,1,1,-43
210,DC:A6:32:55:FC:3E,2020-07-16 22:26:29.013060,f452d6ce-c7dc-11ea-a4b0-dca63255fc3b,1,1,1,-45
211,DC:A6:32:55:FC:3E,2020-07-16 22:26:30.214445,f452d6ce-c7dc-11ea-a4b0-dca63255fc3b,1,1,1,-43
212,DC:A6:32:55:FC:3E,2020-07-16 22:26:31.011949,f452d6ce-c7dc-11ea-a4b0-dca63255fc3b,1,1,1,-44
213,DC:A6:32:55:FC:3E,2020-07-16 22:26:32.110670,f452d6ce-c7dc-11ea-a4b0-dca63255fc3b,1,1,1,-47
214,DC:A6:32:55:FC:3E,2020-07-16 22:26:33.025731,f452d6ce-c7dc-11ea-a4b0-dca63255fc3b,1,1,1,-45
215,DC:A6:32:55:FC:3E,2020-07-16 22:26:34.074494,f452d6ce-c7dc-11ea-a4b0-dca63255fc3b,1,1,1,-45
216,DC:A6:32:55:FC:3E,2020-07-16 22:26:35.137633,f452d6ce-c7dc-11ea-a4b0-dca63255fc3b,1,1,1,-48
217,DC:A6:32:55:FC:3E,2020-07-16 22:26:36.602126,f452d6ce-c7dc-11ea-a4b0-dca63255fc3b,1,1,1,-48
218,DC:A6:32:55:FC:3E,2020-07-16 22:26:37.015870,f452d6ce-c7dc-11ea-a4b0-dca63255fc3b,1,1,1,-48
219,DC:A6:32:55:FC:3E,2020-07-16 22:26:38.003433,f452d6ce-c7dc-11ea-a4b0-dca63255fc3b,1,1,1,-48
220,DC:A6:32:55:FC:3E,2020-07-16 22:26:39.524657,f452d6ce-c7dc-11ea-a4b0-dca63255fc3b,1,1,1,-43
221,DC:A6:32:55:FC:3E,2020-07-16 22:26:40.096439,f452d6ce-c7dc-11ea-a4b0-dca63255fc3b,1,1,1,-43
222,DC:A6:32:55:FC:3E,2020-07-16 22:26:41.474657,f452d6ce-c7dc-11ea-a4b0-dca63255fc3b,1,1,1,-48
223,DC:A6:32:55:FC:3E,2020-07-16 22:26:42.024694,f452d6ce-c7dc-11ea-a4b0-dca63255fc3b,1,1,1,-45
224,DC:A6:32:55:FC:3E,2020-07-16 22:26:43.134764,f452d6ce-c7dc-11ea-a4b0-dca63255fc3b,1,1,1,-48
225,DC:A6:32:55:FC:3E,2020-07-16 22:26:44.095942,f452d6ce-c7dc-11ea-a4b0-dca63255fc3b,1,1,1,-40
226,DC:A6:32:55:FC:3E,2020-07-16 22:26:45.066617,f452d6ce-c7dc-11ea-a4b0-dca63255fc3b,1,1,1,-43
227,DC:A6:32:55:FC:3E,2020-07-16 22:26:46.142338,f452d6ce-c7dc-11ea-a4b0-dca63255fc3b,1,1,1,-48
228,DC:A6:32:55:FC:3E,2020-07-16 22:26:47.174760,f452d6ce-c7dc-11ea-a4b0-dca63255fc3b,1,1,1,-40
229,DC:A6:32:55:FC:3E,2020-07-16 22:26:48.212318,f452d6ce-c7dc-11ea-a4b0-dca63255fc3b,1,1,1,-48
230,DC:A6:32:55:FC:3E,2020-07-16 22:26:50.022378,f452d6ce-c7dc-11ea-a4b0-dca63255fc3b,1,1,1,-48
231,DC:A6:32:55:FC:3E,2020-07-16 22:26:51.003757,f452d6ce-c7dc-11ea-a4b0-dca63255fc3b,1,1,1,-48
232,DC:A6:32:55:FC:3E,2020-07-16 22:26:52.014911,f452d6ce-c7dc-11ea-a4b0-dca63255fc3b,1,1,1,-43
233,DC:A6:32:55:FC:3E,2020-07-16 22:26:53.066145,f452d6ce-c7dc-11ea-a4b0-dca63255fc3b,1,1,1,-45
234,DC:A6:32:55:FC:3E,2020-07-16 22:26:54.031200,f452d6ce-c7dc-11ea-a4b0-dca63255fc3b,1,1,1,-45
235,DC:A6:32:55:FC:3E,2020-07-16 22:26:55.269187,f452d6ce-c7dc-11ea-a4b0-dca63255fc3b,1,1,1,-45
236,DC:A6:32:55:FC:3E,2020-07-16 22:26:56.023751,f452d6ce-c7dc-11ea-a4b0-dca63255fc3b,1,1,1,-44
237,DC:A6:32:55:FC:3E,2020-07-16 22:26:57.317588,f452d6ce-c7dc-11ea-a4b0-dca63255fc3b,1,1,1,-40
238,DC:A6:32:55:FC:3E,2020-07-16 22:26:58.103821,f452d6ce-c7dc-11ea-a4b0-dca63255fc3b,1,1,1,-48
239,DC:A6:32:55:FC:3E,2020-07-16 22:26:59.166961,f452d6ce-c7dc-11ea-a4b0-dca63255fc3b,1,1,1,-45
240,DC:A6:32:55:FC:3E,2020-07-16 22:27:00.012613,f452d6ce-c7dc-11ea-a4b0-dca63255fc3b,1,1,1,-48
241,DC:A6:32:55:FC:3E,2020-07-16 22:27:01.741460,f452d6ce-c7dc-11ea-a4b0-dca63255fc3b,1,1,1,-45
242,DC:A6:32:55:FC:3E,2020-07-16 22:27:02.038832,f452d6ce-c7dc-11ea-a4b0-dca63255fc3b,1,1,1,-48
243,DC:A6:32:55:FC:3E,2020-07-16 22:27:03.006449,f452d6ce-c7dc-11ea-a4b0-dca63255fc3b,1,1,1,-45
244,DC:A6:32:55:FC:3E,2020-07-16 22:27:04.696482,f452d6ce-c7dc-11ea-a4b0-dca63255fc3b,1,1,1,-46
245,DC:A6:32:55:FC:3E,2020-07-16 22:27:05.156435,f452d6ce-c7dc-11ea-a4b0-dca63255fc3b,1,1,1,-45
246,DC:A6:32:55:FC:3E,2020-07-16 22:27:06.002762,f452d6ce-c7dc-11ea-a4b0-dca63255fc3b,1,1,1,-43
247,DC:A6:32:55:FC:3E,2020-07-16 22:27:07.225367,f452d6ce-c7dc-11ea-a4b0-dca63255fc3b,1,1,1,-47
248,DC:A6:32:55:FC:3E,2020-07-16 22:27:08.497849,f452d6ce-c7dc-11ea-a4b0-dca63255fc3b,1,1,1,-48
249,DC:A6:32:55:FC:3E,2020-07-16 22:27:09.051571,f452d6ce-c7dc-11ea-a4b0-dca63255fc3b,1,1,1,-44
250,DC:A6:32:55:FC:3E,2020-07-16 22:27:10.321535,f452d6ce-c7dc-11ea-a4b0-dca63255fc3b,1,1,1,-48
251,DC:A6:32:55:FC:3E,2020-07-16 22:27:11.494089,f452d6ce-c7dc-11ea-a4b0-dca63255fc3b,1,1,1,-48
252,DC:A6:32:55:FC:3E,2020-07-16 22:27:12.097226,f452d6ce-c7dc-11ea-a4b0-dca63255fc3b,1,1,1,-44
253,DC:A6:32:55:FC:3E,2020-07-16 22:27:13.184154,f452d6ce-c7dc-11ea-a4b0-dca63255fc3b,1,1,1,-43
254,DC:A6:32:55:FC:3E,2020-07-16 22:27:14.076625,f452d6ce-c7dc-11ea-a4b0-dca63255fc3b,1,1,1,-45
255,DC:A6:32:55:FC:3E,2020-07-16 22:27:15.144224,f452d6ce-c7dc-11ea-a4b0-dca63255fc3b,1,1,1,-48
256,DC:A6:32:55:FC:3E,2020-07-16 22:27:16.026684,f452d6ce-c7dc-11ea-a4b0-dca63255fc3b,1,1,1,-40
257,DC:A6:32:55:FC:3E,2020-07-16 22:27:17.066753,f452d6ce-c7dc-11ea-a4b0-dca63255fc3b,1,1,1,-48
258,DC:A6:32:55:FC:3E,2020-07-16 22:27:18.124236,f452d6ce-c7dc-11ea-a4b0-dca63255fc3b,1,1,1,-45
259,DC:A6:32:55:FC:3E,2020-07-16 22:27:19.771727,f452d6ce-c7dc-11ea-a4b0-dca63255fc3b,1,1,1,-45
260,DC:A6:32:55:FC:3E,2020-07-16 22:27:20.111731,f452d6ce-c7dc-11ea-a4b0-dca63255fc3b,1,1,1,-43
261,DC:A6:32:55:FC:3E,2020-07-16 22:27:21.077465,f452d6ce-c7dc-11ea-a4b0-dca63255fc3b,1,1,1,-45
262,DC:A6:32:55:FC:3E,2020-07-16 22:27:22.233190,f452d6ce-c7dc-11ea-a4b0-dca63255fc3b,1,1,1,-45
263,DC:A6:32:55:FC:3E,2020-07-16 22:27:23.065610,f452d6ce-c7dc-11ea-a4b0-dca63255fc3b,1,1,1,-45
264,DC:A6:32:55:FC:3E,2020-07-16 22:27:24.163198,f452d6ce-c7dc-11ea-a4b0-dca63255fc3b,1,1,1,-43
265,DC:A6:32:55:FC:3E,2020-07-16 22:27:25.024394,f452d6ce-c7dc-11ea-a4b0-dca63255fc3b,1,1,1,-45
266,DC:A6:32:55:FC:3E,2020-07-16 22:27:26.121965,f452d6ce-c7dc-11ea-a4b0-dca63255fc3b,1,1,1,-43
267,DC:A6:32:55:FC:3E,2020-07-16 22:27:27.029457,f452d6ce-c7dc-11ea-a4b0-dca63255fc3b,1,1,1,-48
268,DC:A6:32:55:FC:3E,2020-07-16 22:27:28.134440,f452d6ce-c7dc-11ea-a4b0-dca63255fc3b,1,1,1,-48
269,DC:A6:32:55:FC:3E,2020-07-16 22:27:29.229562,f452d6ce-c7dc-11ea-a4b0-dca63255fc3b,1,1,1,-40
270,DC:A6:32:55:FC:3E,2020-07-16 22:27:30.143340,f452d6ce-c7dc-11ea-a4b0-dca63255fc3b,1,1,1,-48
271,DC:A6:32:55:FC:3E,2020-07-16 22:27:31.077038,f452d6ce-c7dc-11ea-a4b0-dca63255fc3b,1,1,1,-47
272,DC:A6:32:55:FC:3E,2020-07-16 22:27:32.419516,f452d6ce-c7dc-11ea-a4b0-dca63255fc3b,1,1,1,-49
273,DC:A6:32:55:FC:3E,2020-07-16 22:27:33.210784,f452d6ce-c7dc-11ea-a4b0-dca63255fc3b,1,1,1,-45
274,DC:A6:32:55:FC:3E,2020-07-16 22:27:34.015791,f452d6ce-c7dc-11ea-a4b0-dca63255fc3b,1,1,1,-45
275,DC:A6:32:55:FC:3E,2020-07-16 22:27:35.151219,f452d6ce-c7dc-11ea-a4b0-dca63255fc3b,1,1,1,-48
276,DC:A6:32:55:FC:3E,2020-07-16 22:27:36.422820,f452d6ce-c7dc-11ea-a4b0-dca63255fc3b,1,1,1,-40
277,DC:A6:32:55:FC:3E,2020-07-16 22:27:37.112725,f452d6ce-c7dc-11ea-a4b0-dca63255fc3b,1,1,1,-45
278,DC:A6:32:55:FC:3E,2020-07-16 22:27:38.600984,f452d6ce-c7dc-11ea-a4b0-dca63255fc3b,1,1,1,-48
279,DC:A6:32:55:FC:3E,2020-07-16 22:27:39.017280,f452d6ce-c7dc-11ea-a4b0-dca63255fc3b,1,1,1,-43
280,DC:A6:32:55:FC:3E,2020-07-16 22:27:40.202034,f452d6ce-c7dc-11ea-a4b0-dca63255fc3b,1,1,1,-45
281,DC:A6:32:55:FC:3E,2020-07-16 22:27:41.064771,f452d6ce-c7dc-11ea-a4b0-dca63255fc3b,1,1,1,-45
282,DC:A6:32:55:FC:3E,2020-07-16 22:27:42.097228,f452d6ce-c7dc-11ea-a4b0-dca63255fc3b,1,1,1,-45
283,DC:A6:32:55:FC:3E,2020-07-16 22:27:43.749224,f452d6ce-c7dc-11ea-a4b0-dca63255fc3b,1,1,1,-45
284,DC:A6:32:55:FC:3E,2020-07-16 22:27:44.013660,f452d6ce-c7dc-11ea-a4b0-dca63255fc3b,1,1,1,-45
285,DC:A6:32:55:FC:3E,2020-07-16 22:27:45.034789,f452d6ce-c7dc-11ea-a4b0-dca63255fc3b,1,1,1,-45
286,DC:A6:32:55:FC:3E,2020-07-16 22:27:46.173729,f452d6ce-c7dc-11ea-a4b0-dca63255fc3b,1,1,1,-43
287,DC:A6:32:55:FC:3E,2020-07-16 22:27:47.661136,f452d6ce-c7dc-11ea-a4b0-dca63255fc3b,1,1,1,-43
288,DC:A6:32:55:FC:3E,2020-07-16 22:27:48.126080,f452d6ce-c7dc-11ea-a4b0-dca63255fc3b,1,1,1,-45
289,DC:A6:32:55:FC:3E,2020-07-16 22:27:49.027416,f452d6ce-c7dc-11ea-a4b0-dca63255fc3b,1,1,1,-45
290,DC:A6:32:55:FC:3E,2020-07-16 22:27:50.199275,f452d6ce-c7dc-11ea-a4b0-dca63255fc3b,1,1,1,-45
291,DC:A6:32:55:FC:3E,2020-07-16 22:27:51.154981,f452d6ce-c7dc-11ea-a4b0-dca63255fc3b,1,1,1,-43
292,DC:A6:32:55:FC:3E,2020-07-16 22:27:52.483852,f452d6ce-c7dc-11ea-a4b0-dca63255fc3b,1,1,1,-43
293,DC:A6:32:55:FC:3E,2020-07-16 22:27:53.293153,f452d6ce-c7dc-11ea-a4b0-dca63255fc3b,1,1,1,-43
294,DC:A6:32:55:FC:3E,2020-07-16 22:27:54.725098,f452d6ce-c7dc-11ea-a4b0-dca63255fc3b,1,1,1,-48
295,DC:A6:32:55:FC:3E,2020-07-16 22:27:55.073854,f452d6ce-c7dc-11ea-a4b0-dca63255fc3b,1,1,1,-48
296,DC:A6:32:55:FC:3E,2020-07-16 22:27:57.015173,f452d6ce-c7dc-11ea-a4b0-dca63255fc3b,1,1,1,-43
297,DC:A6:32:55:FC:3E,2020-07-16 22:27:58.046465,f452d6ce-c7dc-11ea-a4b0-dca63255fc3b,1,1,1,-40
298,DC:A6:32:55:FC:3E,2020-07-16 22:27:59.145209,f452d6ce-c7dc-11ea-a4b0-dca63255fc3b,1,1,1,-45
299,DC:A6:32:55:FC:3E,2020-07-16 22:28:00.875269,f452d6ce-c7dc-11ea-a4b0-dca63255fc3b,1,1,1,-48
300,DC:A6:32:55:FC:3E,2020-07-16 22:28:01.018252,f452d6ce-c7dc-11ea-a4b0-dca63255fc3b,1,1,1,-45
301,DC:A6:32:55:FC:3E,2020-07-16 22:28:02.113956,f452d6ce-c7dc-11ea-a4b0-dca63255fc3b,1,1,1,-48
302,DC:A6:32:55:FC:3E,2020-07-16 22:28:03.006442,f452d6ce-c7dc-11ea-a4b0-dca63255fc3b,1,1,1,-43
303,DC:A6:32:55:FC:3E,2020-07-16 22:28:04.657880,f452d6ce-c7dc-11ea-a4b0-dca63255fc3b,1,1,1,-40
304,DC:A6:32:55:FC:3E,2020-07-16 22:28:05.202772,f452d6ce-c7dc-11ea-a4b0-dca63255fc3b,1,1,1,-48
305,DC:A6:32:55:FC:3E,2020-07-16 22:28:06.296556,f452d6ce-c7dc-11ea-a4b0-dca63255fc3b,1,1,1,-45
306,DC:A6:32:55:FC:3E,2020-07-16 22:28:07.021702,f452d6ce-c7dc-11ea-a4b0-dca63255fc3b,1,1,1,-45
307,DC:A6:32:55:FC:3E,2020-07-16 22:28:08.272970,f452d6ce-c7dc-11ea-a4b0-dca63255fc3b,1,1,1,-45
308,DC:A6:32:55:FC:3E,2020-07-16 22:28:09.047923,f452d6ce-c7dc-11ea-a4b0-dca63255fc3b,1,1,1,-44
309,DC:A6:32:55:FC:3E,2020-07-16 22:28:10.081718,f452d6ce-c7dc-11ea-a4b0-dca63255fc3b,1,1,1,-48
310,DC:A6:32:55:FC:3E,2020-07-16 22:28:11.726785,f452d6ce-c7dc-11ea-a4b0-dca63255fc3b,1,1,1,-48
311,DC:A6:32:55:FC:3E,2020-07-16 22:28:12.007901,f452d6ce-c7dc-11ea-a4b0-dca63255fc3b,1,1,1,-34
312,DC:A6:32:55:FC:3E,2020-07-16 22:28:13.624287,f452d6ce-c7dc-11ea-a4b0-dca63255fc3b,1,1,1,-48
313,DC:A6:32:55:FC:3E,2020-07-16 22:28:14.539243,f452d6ce-c7dc-11ea-a4b0-dca63255fc3b,1,1,1,-48
314,DC:A6:32:55:FC:3E,2020-07-16 22:28:15.004200,f452d6ce-c7dc-11ea-a4b0-dca63255fc3b,1,1,1,-45
315,DC:A6:32:55:FC:3E,2020-07-16 22:28:16.195570,f452d6ce-c7dc-11ea-a4b0-dca63255fc3b,1,1,1,-45
316,DC:A6:32:55:FC:3E,2020-07-16 22:28:17.251792,f452d6ce-c7dc-11ea-a4b0-dca63255fc3b,1,1,1,-48
317,DC:A6:32:55:FC:3E,2020-07-16 22:28:18.019954,f452d6ce-c7dc-11ea-a4b0-dca63255fc3b,1,1,1,-44
318,DC:A6:32:55:FC:3E,2020-07-16 22:28:20.024556,f452d6ce-c7dc-11ea-a4b0-dca63255fc3b,1,1,1,-45
319,DC:A6:32:55:FC:3E,2020-07-16 22:28:21.154507,f452d6ce-c7dc-11ea-a4b0-dca63255fc3b,1,1,1,-41
320,DC:A6:32:55:FC:3E,2020-07-16 22:28:22.228181,f452d6ce-c7dc-11ea-a4b0-dca63255fc3b,1,1,1,-45
321,DC:A6:32:55:FC:3E,2020-07-16 22:28:23.021338,f452d6ce-c7dc-11ea-a4b0-dca63255fc3b,1,1,1,-45
322,DC:A6:32:55:FC:3E,2020-07-16 22:28:24.475162,f452d6ce-c7dc-11ea-a4b0-dca63255fc3b,1,1,1,-40
323,DC:A6:32:55:FC:3E,2020-07-16 22:28:25.018280,f452d6ce-c7dc-11ea-a4b0-dca63255fc3b,1,1,1,-44
324,DC:A6:32:55:FC:3E,2020-07-16 22:28:26.114549,f452d6ce-c7dc-11ea-a4b0-dca63255fc3b,1,1,1,-44
325,DC:A6:32:55:FC:3E,2020-07-16 22:28:27.191380,f452d6ce-c7dc-11ea-a4b0-dca63255fc3b,1,1,1,-43
326,DC:A6:32:55:FC:3E,2020-07-16 22:28:28.213363,f452d6ce-c7dc-11ea-a4b0-dca63255fc3b,1,1,1,-40
327,DC:A6:32:55:FC:3E,2020-07-16 22:28:29.088980,f452d6ce-c7dc-11ea-a4b0-dca63255fc3b,1,1,1,-47
328,DC:A6:32:55:FC:3E,2020-07-16 22:28:30.193590,f452d6ce-c7dc-11ea-a4b0-dca63255fc3b,1,1,1,-45
329,DC:A6:32:55:FC:3E,2020-07-16 22:28:31.221625,f452d6ce-c7dc-11ea-a4b0-dca63255fc3b,1,1,1,-45
330,DC:A6:32:55:FC:3E,2020-07-16 22:28:32.113474,f452d6ce-c7dc-11ea-a4b0-dca63255fc3b,1,1,1,-41
331,DC:A6:32:55:FC:3E,2020-07-16 22:28:33.988512,f452d6ce-c7dc-11ea-a4b0-dca63255fc3b,1,1,1,-45
332,DC:A6:32:55:FC:3E,2020-07-16 22:28:34.004664,f452d6ce-c7dc-11ea-a4b0-dca63255fc3b,1,1,1,-45
333,DC:A6:32:55:FC:3E,2020-07-16 22:28:35.046062,f452d6ce-c7dc-11ea-a4b0-dca63255fc3b,1,1,1,-46
334,DC:A6:32:55:FC:3E,2020-07-16 22:28:36.359244,f452d6ce-c7dc-11ea-a4b0-dca63255fc3b,1,1,1,-45
335,DC:A6:32:55:FC:3E,2020-07-16 22:28:37.014815,f452d6ce-c7dc-11ea-a4b0-dca63255fc3b,1,1,1,-43
336,DC:A6:32:55:FC:3E,2020-07-16 22:28:38.206105,f452d6ce-c7dc-11ea-a4b0-dca63255fc3b,1,1,1,-45
337,DC:A6:32:55:FC:3E,2020-07-16 22:28:39.119848,f452d6ce-c7dc-11ea-a4b0-dca63255fc3b,1,1,1,-48
338,DC:A6:32:55:FC:3E,2020-07-16 22:28:40.196267,f452d6ce-c7dc-11ea-a4b0-dca63255fc3b,1,1,1,-45
339,DC:A6:32:55:FC:3E,2020-07-16 22:28:41.003751,f452d6ce-c7dc-11ea-a4b0-dca63255fc3b,1,1,1,-48
340,DC:A6:32:55:FC:3E,2020-07-16 22:28:42.177532,f452d6ce-c7dc-11ea-a4b0-dca63255fc3b,1,1,1,-45
341,DC:A6:32:55:FC:3E,2020-07-16 22:28:43.136304,f452d6ce-c7dc-11ea-a4b0-dca63255fc3b,1,1,1,-41
342,DC:A6:32:55:FC:3E,2020-07-16 22:28:44.760086,f452d6ce-c7dc-11ea-a4b0-dca63255fc3b,1,1,1,-45
343,DC:A6:32:55:FC:3E,2020-07-16 22:28:45.008706,f452d6ce-c7dc-11ea-a4b0-dca63255fc3b,1,1,1,-45
344,DC:A6:32:55:FC:3E,2020-07-16 22:28:46.056302,f452d6ce-c7dc-11ea-a4b0-dca63255fc3b,1,1,1,-43
345,DC:A6:32:55:FC:3E,2020-07-16 22:28:47.328925,f452d6ce-c7dc-11ea-a4b0-dca63255fc3b,1,1,1,-48
346,DC:A6:32:55:FC:3E,2020-07-16 22:28:48.619484,f452d6ce-c7dc-11ea-a4b0-dca63255fc3b,1,1,1,-44
347,DC:A6:32:55:FC:3E,2020-07-16 22:28:49.141316,f452d6ce-c7dc-11ea-a4b0-dca63255fc3b,1,1,1,-45
348,DC:A6:32:55:FC:3E,2020-07-16 22:28:50.088809,f452d6ce-c7dc-11ea-a4b0-dca63255fc3b,1,1,1,-48
349,DC:A6:32:55:FC:3E,2020-07-16 22:28:51.054031,f452d6ce-c7dc-11ea-a4b0-dca63255fc3b,1,1,1,-45
350,DC:A6:32:55:FC:3E,2020-07-16 22:28:52.382692,f452d6ce-c7dc-11ea-a4b0-dca63255fc3b,1,1,1,-45
351,DC:A6:32:55:FC:3E,2020-07-16 22:28:53.065167,f452d6ce-c7dc-11ea-a4b0-dca63255fc3b,1,1,1,-48
352,DC:A6:32:55:FC:3E,2020-07-16 22:28:54.186478,f452d6ce-c7dc-11ea-a4b0-dca63255fc3b,1,1,1,-45
353,DC:A6:32:55:FC:3E,2020-07-16 22:28:55.059076,f452d6ce-c7dc-11ea-a4b0-dca63255fc3b,1,1,1,-45
354,DC:A6:32:55:FC:3E,2020-07-16 22:28:56.045259,f452d6ce-c7dc-11ea-a4b0-dca63255fc3b,1,1,1,-48
355,DC:A6:32:55:FC:3E,2020-07-16 22:28:57.256535,f452d6ce-c7dc-11ea-a4b0-dca63255fc3b,1,1,1,-38
356,DC:A6:32:55:FC:3E,2020-07-16 22:28:58.326546,f452d6ce-c7dc-11ea-a4b0-dca63255fc3b,1,1,1,-48
357,DC:A6:32:55:FC:3E,2020-07-16 22:28:59.264079,f452d6ce-c7dc-11ea-a4b0-dca63255fc3b,1,1,1,-45
358,DC:A6:32:55:FC:3E,2020-07-16 22:29:00.026591,f452d6ce-c7dc-11ea-a4b0-dca63255fc3b,1,1,1,-45
359,DC:A6:32:55:FC:3E,2020-07-16 22:29:02.025584,f452d6ce-c7dc-11ea-a4b0-dca63255fc3b,1,1,1,-44
360,DC:A6:32:55:FC:3E,2020-07-16 22:29:03.015416,f452d6ce-c7dc-11ea-a4b0-dca63255fc3b,1,1,1,-43
361,DC:A6:32:55:FC:3E,2020-07-16 22:29:04.097345,f452d6ce-c7dc-11ea-a4b0-dca63255fc3b,1,1,1,-45
362,DC:A6:32:55:FC:3E,2020-07-16 22:29:05.136730,f452d6ce-c7dc-11ea-a4b0-dca63255fc3b,1,1,1,-45
363,DC:A6:32:55:FC:3E,2020-07-16 22:29:06.054266,f452d6ce-c7dc-11ea-a4b0-dca63255fc3b,1,1,1,-45
364,DC:A6:32:55:FC:3E,2020-07-16 22:29:07.351905,f452d6ce-c7dc-11ea-a4b0-dca63255fc3b,1,1,1,-45
365,DC:A6:32:55:FC:3E,2020-07-16 22:29:08.061791,f452d6ce-c7dc-11ea-a4b0-dca63255fc3b,1,1,1,-46
366,DC:A6:32:55:FC:3E,2020-07-16 22:29:09.074287,f452d6ce-c7dc-11ea-a4b0-dca63255fc3b,1,1,1,-41
367,DC:A6:32:55:FC:3E,2020-07-16 22:29:10.179363,f452d6ce-c7dc-11ea-a4b0-dca63255fc3b,1,1,1,-45
368,DC:A6:32:55:FC:3E,2020-07-16 22:29:11.278280,f452d6ce-c7dc-11ea-a4b0-dca63255fc3b,1,1,1,-44
369,DC:A6:32:55:FC:3E,2020-07-16 22:29:12.106956,f452d6ce-c7dc-11ea-a4b0-dca63255fc3b,1,1,1,-38
370,DC:A6:32:55:FC:3E,2020-07-16 22:29:13.124506,f452d6ce-c7dc-11ea-a4b0-dca63255fc3b,1,1,1,-43
371,DC:A6:32:55:FC:3E,2020-07-16 22:29:14.034451,f452d6ce-c7dc-11ea-a4b0-dca63255fc3b,1,1,1,-43
372,DC:A6:32:55:FC:3E,2020-07-16 22:29:15.068189,f452d6ce-c7dc-11ea-a4b0-dca63255fc3b,1,1,1,-48
373,DC:A6:32:55:FC:3E,2020-07-16 22:29:16.139502,f452d6ce-c7dc-11ea-a4b0-dca63255fc3b,1,1,1,-43
374,DC:A6:32:55:FC:3E,2020-07-16 22:29:17.005719,f452d6ce-c7dc-11ea-a4b0-dca63255fc3b,1,1,1,-45
375,DC:A6:32:55:FC:3E,2020-07-16 22:29:18.210387,f452d6ce-c7dc-11ea-a4b0-dca63255fc3b,1,1,1,-48
376,DC:A6:32:55:FC:3E,2020-07-16 22:29:19.587129,f452d6ce-c7dc-11ea-a4b0-dca63255fc3b,1,1,1,-43
377,DC:A6:32:55:FC:3E,2020-07-16 22:29:20.060777,f452d6ce-c7dc-11ea-a4b0-dca63255fc3b,1,1,1,-40
378,DC:A6:32:55:FC:3E,2020-07-16 22:29:21.605114,f452d6ce-c7dc-11ea-a4b0-dca63255fc3b,1,1,1,-48
379,DC:A6:32:55:FC:3E,2020-07-16 22:29:22.135291,f452d6ce-c7dc-11ea-a4b0-dca63255fc3b,1,1,1,-45
380,DC:A6:32:55:FC:3E,2020-07-16 22:29:23.458424,f452d6ce-c7dc-11ea-a4b0-dca63255fc3b,1,1,1,-41
381,DC:A6:32:55:FC:3E,2020-07-16 22:29:24.165938,f452d6ce-c7dc-11ea-a4b0-dca63255fc3b,1,1,1,-40
382,DC:A6:32:55:FC:3E,2020-07-16 22:29:25.019722,f452d6ce-c7dc-11ea-a4b0-dca63255fc3b,1,1,1,-43
383,DC:A6:32:55:FC:3E,2020-07-16 22:29:27.024737,f452d6ce-c7dc-11ea-a4b0-dca63255fc3b,1,1,1,-45
384,DC:A6:32:55:FC:3E,2020-07-16 22:29:28.238506,f452d6ce-c7dc-11ea-a4b0-dca63255fc3b,1,1,1,-43
385,DC:A6:32:55:FC:3E,2020-07-16 22:29:29.388530,f452d6ce-c7dc-11ea-a4b0-dca63255fc3b,1,1,1,-45
386,DC:A6:32:55:FC:3E,2020-07-16 22:29:30.018556,f452d6ce-c7dc-11ea-a4b0-dca63255fc3b,1,1,1,-45
387,DC:A6:32:55:FC:3E,2020-07-16 22:29:31.090463,f452d6ce-c7dc-11ea-a4b0-dca63255fc3b,1,1,1,-47
388,DC:A6:32:55:FC:3E,2020-07-16 22:29:32.348761,f452d6ce-c7dc-11ea-a4b0-dca63255fc3b,1,1,1,-45
389,DC:A6:32:55:FC:3E,2020-07-16 22:29:33.046112,f452d6ce-c7dc-11ea-a4b0-dca63255fc3b,1,1,1,-45
390,DC:A6:32:55:FC:3E,2020-07-16 22:29:34.695582,f452d6ce-c7dc-11ea-a4b0-dca63255fc3b,1,1,1,-43
391,DC:A6:32:55:FC:3E,2020-07-16 22:29:35.011727,f452d6ce-c7dc-11ea-a4b0-dca63255fc3b,1,1,1,-45
392,DC:A6:32:55:FC:3E,2020-07-16 22:29:36.021195,f452d6ce-c7dc-11ea-a4b0-dca63255fc3b,1,1,1,-40
393,DC:A6:32:55:FC:3E,2020-07-16 22:29:37.121268,f452d6ce-c7dc-11ea-a4b0-dca63255fc3b,1,1,1,-43
394,DC:A6:32:55:FC:3E,2020-07-16 22:29:39.064988,f452d6ce-c7dc-11ea-a4b0-dca63255fc3b,1,1,1,-44
395,DC:A6:32:55:FC:3E,2020-07-16 22:29:40.226292,f452d6ce-c7dc-11ea-a4b0-dca63255fc3b,1,1,1,-43
396,DC:A6:32:55:FC:3E,2020-07-16 22:29:41.516339,f452d6ce-c7dc-11ea-a4b0-dca63255fc3b,1,1,1,-43
397,DC:A6:32:55:FC:3E,2020-07-16 22:29:42.604055,f452d6ce-c7dc-11ea-a4b0-dca63255fc3b,1,1,1,-45
398,DC:A6:32:55:FC:3E,2020-07-16 22:29:43.085153,f452d6ce-c7dc-11ea-a4b0-dca63255fc3b,1,1,1,-45
399,DC:A6:32:55:FC:3E,2020-07-16 22:29:44.016465,f452d6ce-c7dc-11ea-a4b0-dca63255fc3b,1,1,1,-45
400,DC:A6:32:55:FC:3E,2020-07-16 22:29:46.021434,f452d6ce-c7dc-11ea-a4b0-dca63255fc3b,1,1,1,-45
401,DC:A6:32:55:FC:3E,2020-07-16 22:29:47.059030,f452d6ce-c7dc-11ea-a4b0-dca63255fc3b,1,1,1,-49
402,DC:A6:32:55:FC:3E,2020-07-16 22:29:48.434178,f452d6ce-c7dc-11ea-a4b0-dca63255fc3b,1,1,1,-48
403,DC:A6:32:55:FC:3E,2020-07-16 22:29:49.244053,f452d6ce-c7dc-11ea-a4b0-dca63255fc3b,1,1,1,-43
404,DC:A6:32:55:FC:3E,2020-07-16 22:29:50.537835,f452d6ce-c7dc-11ea-a4b0-dca63255fc3b,1,1,1,-49
405,DC:A6:32:55:FC:3E,2020-07-16 22:29:51.084078,f452d6ce-c7dc-11ea-a4b0-dca63255fc3b,1,1,1,-45
406,DC:A6:32:55:FC:3E,2020-07-16 22:29:53.089188,f452d6ce-c7dc-11ea-a4b0-dca63255fc3b,1,1,1,-48
407,DC:A6:32:55:FC:3E,2020-07-16 22:29:54.129196,f452d6ce-c7dc-11ea-a4b0-dca63255fc3b,1,1,1,-42
408,DC:A6:32:55:FC:3E,2020-07-16 22:29:55.579227,f452d6ce-c7dc-11ea-a4b0-dca63255fc3b,1,1,1,-43
409,DC:A6:32:55:FC:3E,2020-07-16 22:29:56.026005,f452d6ce-c7dc-11ea-a4b0-dca63255fc3b,1,1,1,-47
410,DC:A6:32:55:FC:3E,2020-07-16 22:29:57.147934,f452d6ce-c7dc-11ea-a4b0-dca63255fc3b,1,1,1,-43
411,DC:A6:32:55:FC:3E,2020-07-16 22:29:58.003207,f452d6ce-c7dc-11ea-a4b0-dca63255fc3b,1,1,1,-45
412,DC:A6:32:55:FC:3E,2020-07-16 22:29:59.378077,f452d6ce-c7dc-11ea-a4b0-dca63255fc3b,1,1,1,-45
413,DC:A6:32:55:FC:3E,2020-07-16 22:30:00.005553,f452d6ce-c7dc-11ea-a4b0-dca63255fc3b,1,1,1,-49
414,DC:A6:32:55:FC:3E,2020-07-16 22:30:02.010641,f452d6ce-c7dc-11ea-a4b0-dca63255fc3b,1,1,1,-48
415,DC:A6:32:55:FC:3E,2020-07-16 22:30:03.525612,f452d6ce-c7dc-11ea-a4b0-dca63255fc3b,1,1,1,-43
416,DC:A6:32:55:FC:3E,2020-07-16 22:30:04.070604,f452d6ce-c7dc-11ea-a4b0-dca63255fc3b,1,1,1,-45
417,DC:A6:32:55:FC:3E,2020-07-16 22:30:05.500677,f452d6ce-c7dc-11ea-a4b0-dca63255fc3b,1,1,1,-43
418,DC:A6:32:55:FC:3E,2020-07-16 22:30:06.260723,f452d6ce-c7dc-11ea-a4b0-dca63255fc3b,1,1,1,-42
419,DC:A6:32:55:FC:3E,2020-07-16 22:30:07.053810,f452d6ce-c7dc-11ea-a4b0-dca63255fc3b,1,1,1,-43
420,DC:A6:32:55:FC:3E,2020-07-16 22:30:08.170872,f452d6ce-c7dc-11ea-a4b0-dca63255fc3b,1,1,1,-41
421,DC:A6:32:55:FC:3E,2020-07-16 22:30:09.012642,f452d6ce-c7dc-11ea-a4b0-dca63255fc3b,1,1,1,-44
422,DC:A6:32:55:FC:3E,2020-07-16 22:30:10.109504,f452d6ce-c7dc-11ea-a4b0-dca63255fc3b,1,1,1,-48
423,DC:A6:32:55:FC:3E,2020-07-16 22:30:11.190888,f452d6ce-c7dc-11ea-a4b0-dca63255fc3b,1,1,1,-48
424,DC:A6:32:55:FC:3E,2020-07-16 22:30:12.122781,f452d6ce-c7dc-11ea-a4b0-dca63255fc3b,1,1,1,-45
425,DC:A6:32:55:FC:3E,2020-07-16 22:30:13.275227,f452d6ce-c7dc-11ea-a4b0-dca63255fc3b,1,1,1,-48
426,DC:A6:32:55:FC:3E,2020-07-16 22:30:14.005873,f452d6ce-c7dc-11ea-a4b0-dca63255fc3b,1,1,1,-48
427,DC:A6:32:55:FC:3E,2020-07-16 22:30:15.061501,f452d6ce-c7dc-11ea-a4b0-dca63255fc3b,1,1,1,-43
428,DC:A6:32:55:FC:3E,2020-07-16 22:30:16.345896,f452d6ce-c7dc-11ea-a4b0-dca63255fc3b,1,1,1,-43
429,DC:A6:32:55:FC:3E,2020-07-16 22:30:17.279687,f452d6ce-c7dc-11ea-a4b0-dca63255fc3b,1,1,1,-45
430,DC:A6:32:55:FC:3E,2020-07-16 22:30:18.376121,f452d6ce-c7dc-11ea-a4b0-dca63255fc3b,1,1,1,-45
431,DC:A6:32:55:FC:3E,2020-07-16 22:30:19.369746,f452d6ce-c7dc-11ea-a4b0-dca63255fc3b,1,1,1,-41
432,DC:A6:32:55:FC:3E,2020-07-16 22:30:20.100999,f452d6ce-c7dc-11ea-a4b0-dca63255fc3b,1,1,1,-41
433,DC:A6:32:55:FC:3E,2020-07-16 22:30:21.681102,f452d6ce-c7dc-11ea-a4b0-dca63255fc3b,1,1,1,-45
434,DC:A6:32:55:FC:3E,2020-07-16 22:30:22.007248,f452d6ce-c7dc-11ea-a4b0-dca63255fc3b,1,1,1,-45
435,DC:A6:32:55:FC:3E,2020-07-16 22:30:23.158577,f452d6ce-c7dc-11ea-a4b0-dca63255fc3b,1,1,1,-49
436,DC:A6:32:55:FC:3E,2020-07-16 22:30:24.086107,f452d6ce-c7dc-11ea-a4b0-dca63255fc3b,1,1,1,-40
437,DC:A6:32:55:FC:3E,2020-07-16 22:30:25.127317,f452d6ce-c7dc-11ea-a4b0-dca63255fc3b,1,1,1,-45
438,DC:A6:32:55:FC:3E,2020-07-16 22:30:26.029908,f452d6ce-c7dc-11ea-a4b0-dca63255fc3b,1,1,1,-40
439,DC:A6:32:55:FC:3E,2020-07-16 22:30:27.178621,f452d6ce-c7dc-11ea-a4b0-dca63255fc3b,1,1,1,-48
440,DC:A6:32:55:FC:3E,2020-07-16 22:30:28.286227,f452d6ce-c7dc-11ea-a4b0-dca63255fc3b,1,1,1,-45
441,DC:A6:32:55:FC:3E,2020-07-16 22:30:29.127539,f452d6ce-c7dc-11ea-a4b0-dca63255fc3b,1,1,1,-45
442,DC:A6:32:55:FC:3E,2020-07-16 22:30:30.276312,f452d6ce-c7dc-11ea-a4b0-dca63255fc3b,1,1,1,-45
443,DC:A6:32:55:FC:3E,2020-07-16 22:30:31.186215,f452d6ce-c7dc-11ea-a4b0-dca63255fc3b,1,1,1,-44
444,DC:A6:32:55:FC:3E,2020-07-16 22:30:32.100054,f452d6ce-c7dc-11ea-a4b0-dca63255fc3b,1,1,1,-45
445,DC:A6:32:55:FC:3E,2020-07-16 22:30:33.387756,f452d6ce-c7dc-11ea-a4b0-dca63255fc3b,1,1,1,-48
446,DC:A6:32:55:FC:3E,2020-07-16 22:30:34.040111,f452d6ce-c7dc-11ea-a4b0-dca63255fc3b,1,1,1,-45
447,DC:A6:32:55:FC:3E,2020-07-16 22:30:35.300188,f452d6ce-c7dc-11ea-a4b0-dca63255fc3b,1,1,1,-45
448,DC:A6:32:55:FC:3E,2020-07-16 22:30:36.083946,f452d6ce-c7dc-11ea-a4b0-dca63255fc3b,1,1,1,-45
449,DC:A6:32:55:FC:3E,2020-07-16 22:30:37.027671,f452d6ce-c7dc-11ea-a4b0-dca63255fc3b,1,1,1,-40
450,DC:A6:32:55:FC:3E,2020-07-16 22:30:38.035223,f452d6ce-c7dc-11ea-a4b0-dca63255fc3b,1,1,1,-46
451,DC:A6:32:55:FC:3E,2020-07-16 22:30:39.225174,f452d6ce-c7dc-11ea-a4b0-dca63255fc3b,1,1,1,-41
452,DC:A6:32:55:FC:3E,2020-07-16 22:30:40.377699,f452d6ce-c7dc-11ea-a4b0-dca63255fc3b,1,1,1,-45
453,DC:A6:32:55:FC:3E,2020-07-16 22:30:41.142130,f452d6ce-c7dc-11ea-a4b0-dca63255fc3b,1,1,1,-48
454,DC:A6:32:55:FC:3E,2020-07-16 22:30:42.144084,f452d6ce-c7dc-11ea-a4b0-dca63255fc3b,1,1,1,-45
455,DC:A6:32:55:FC:3E,2020-07-16 22:30:43.189003,f452d6ce-c7dc-11ea-a4b0-dca63255fc3b,1,1,1,-45
456,DC:A6:32:55:FC:3E,2020-07-16 22:30:44.351736,f452d6ce-c7dc-11ea-a4b0-dca63255fc3b,1,1,1,-43
457,DC:A6:32:55:FC:3E,2020-07-16 22:30:45.082254,f452d6ce-c7dc-11ea-a4b0-dca63255fc3b,1,1,1,-44
458,DC:A6:32:55:FC:3E,2020-07-16 22:30:46.006622,f452d6ce-c7dc-11ea-a4b0-dca63255fc3b,1,1,1,-45
459,DC:A6:32:55:FC:3E,2020-07-16 22:30:47.351742,f452d6ce-c7dc-11ea-a4b0-dca63255fc3b,1,1,1,-49
460,DC:A6:32:55:FC:3E,2020-07-16 22:30:48.099193,f452d6ce-c7dc-11ea-a4b0-dca63255fc3b,1,1,1,-48
461,DC:A6:32:55:FC:3E,2020-07-16 22:30:49.109147,f452d6ce-c7dc-11ea-a4b0-dca63255fc3b,1,1,1,-45
462,DC:A6:32:55:FC:3E,2020-07-16 22:30:50.386733,f452d6ce-c7dc-11ea-a4b0-dca63255fc3b,1,1,1,-43
463,DC:A6:32:55:FC:3E,2020-07-16 22:30:51.156720,f452d6ce-c7dc-11ea-a4b0-dca63255fc3b,1,1,1,-45
464,DC:A6:32:55:FC:3E,2020-07-16 22:30:52.260550,f452d6ce-c7dc-11ea-a4b0-dca63255fc3b,1,1,1,-31
465,DC:A6:32:55:FC:3E,2020-07-16 22:30:53.109286,f452d6ce-c7dc-11ea-a4b0-dca63255fc3b,1,1,1,-48
466,DC:A6:32:55:FC:3E,2020-07-16 22:30:54.106999,f452d6ce-c7dc-11ea-a4b0-dca63255fc3b,1,1,1,-45
467,DC:A6:32:55:FC:3E,2020-07-16 22:30:55.015629,f452d6ce-c7dc-11ea-a4b0-dca63255fc3b,1,1,1,-45
468,DC:A6:32:55:FC:3E,2020-07-16 22:30:56.168151,f452d6ce-c7dc-11ea-a4b0-dca63255fc3b,1,1,1,-46
469,DC:A6:32:55:FC:3E,2020-07-16 22:30:57.148150,f452d6ce-c7dc-11ea-a4b0-dca63255fc3b,1,1,1,-48
470,DC:A6:32:55:FC:3E,2020-07-16 22:30:58.480620,f452d6ce-c7dc-11ea-a4b0-dca63255fc3b,1,1,1,-45
471,DC:A6:32:55:FC:3E,2020-07-16 22:30:59.018179,f452d6ce-c7dc-11ea-a4b0-dca63255fc3b,1,1,1,-45
472,DC:A6:32:55:FC:3E,2020-07-16 22:31:00.207057,f452d6ce-c7dc-11ea-a4b0-dca63255fc3b,1,1,1,-40
473,DC:A6:32:55:FC:3E,2020-07-16 22:31:01.130687,f452d6ce-c7dc-11ea-a4b0-dca63255fc3b,1,1,1,-49
474,DC:A6:32:55:FC:3E,2020-07-16 22:31:03.113340,f452d6ce-c7dc-11ea-a4b0-dca63255fc3b,1,1,1,-43
475,DC:A6:32:55:FC:3E,2020-07-16 22:31:04.077190,f452d6ce-c7dc-11ea-a4b0-dca63255fc3b,1,1,1,-45
476,DC:A6:32:55:FC:3E,2020-07-16 22:31:05.479652,f452d6ce-c7dc-11ea-a4b0-dca63255fc3b,1,1,1,-46
477,DC:A6:32:55:FC:3E,2020-07-16 22:31:06.067152,f452d6ce-c7dc-11ea-a4b0-dca63255fc3b,1,1,1,-45
478,DC:A6:32:55:FC:3E,2020-07-16 22:31:07.002184,f452d6ce-c7dc-11ea-a4b0-dca63255fc3b,1,1,1,-48
479,DC:A6:32:55:FC:3E,2020-07-16 22:31:08.017152,f452d6ce-c7dc-11ea-a4b0-dca63255fc3b,1,1,1,-45
480,DC:A6:32:55:FC:3E,2020-07-16 22:31:09.394633,f452d6ce-c7dc-11ea-a4b0-dca63255fc3b,1,1,1,-41
481,DC:A6:32:55:FC:3E,2020-07-16 22:31:10.127122,f452d6ce-c7dc-11ea-a4b0-dca63255fc3b,1,1,1,-40
482,DC:A6:32:55:FC:3E,2020-07-16 22:31:11.302227,f452d6ce-c7dc-11ea-a4b0-dca63255fc3b,1,1,1,-45
483,DC:A6:32:55:FC:3E,2020-07-16 22:31:12.087233,f452d6ce-c7dc-11ea-a4b0-dca63255fc3b,1,1,1,-48
484,DC:A6:32:55:FC:3E,2020-07-16 22:31:13.137244,f452d6ce-c7dc-11ea-a4b0-dca63255fc3b,1,1,1,-48
485,DC:A6:32:55:FC:3E,2020-07-16 22:31:14.032248,f452d6ce-c7dc-11ea-a4b0-dca63255fc3b,1,1,1,-42
486,DC:A6:32:55:FC:3E,2020-07-16 22:31:15.292434,f452d6ce-c7dc-11ea-a4b0-dca63255fc3b,1,1,1,-48
487,DC:A6:32:55:FC:3E,2020-07-16 22:31:16.024233,f452d6ce-c7dc-11ea-a4b0-dca63255fc3b,1,1,1,-45
488,DC:A6:32:55:FC:3E,2020-07-16 22:31:17.069895,f452d6ce-c7dc-11ea-a4b0-dca63255fc3b,1,1,1,-48
489,DC:A6:32:55:FC:3E,2020-07-16 22:31:18.131245,f452d6ce-c7dc-11ea-a4b0-dca63255fc3b,1,1,1,-47
490,DC:A6:32:55:FC:3E,2020-07-16 22:31:19.018704,f452d6ce-c7dc-11ea-a4b0-dca63255fc3b,1,1,1,-43
491,DC:A6:32:55:FC:3E,2020-07-16 22:31:20.013146,f452d6ce-c7dc-11ea-a4b0-dca63255fc3b,1,1,1,-42
492,DC:A6:32:55:FC:3E,2020-07-16 22:31:21.097463,f452d6ce-c7dc-11ea-a4b0-dca63255fc3b,1,1,1,-46
493,DC:A6:32:55:FC:3E,2020-07-16 22:31:22.275599,f452d6ce-c7dc-11ea-a4b0-dca63255fc3b,1,1,1,-40
494,DC:A6:32:55:FC:3E,2020-07-16 22:31:23.384445,f452d6ce-c7dc-11ea-a4b0-dca63255fc3b,1,1,1,-43
495,DC:A6:32:55:FC:3E,2020-07-16 22:31:24.478108,f452d6ce-c7dc-11ea-a4b0-dca63255fc3b,1,1,1,-42
496,DC:A6:32:55:FC:3E,2020-07-16 22:31:25.063130,f452d6ce-c7dc-11ea-a4b0-dca63255fc3b,1,1,1,-43
497,DC:A6:32:55:FC:3E,2020-07-16 22:31:26.163229,f452d6ce-c7dc-11ea-a4b0-dca63255fc3b,1,1,1,-41
498,DC:A6:32:55:FC:3E,2020-07-16 22:31:27.260108,f452d6ce-c7dc-11ea-a4b0-dca63255fc3b,1,1,1,-45
499,DC:A6:32:55:FC:3E,2020-07-16 22:31:28.041361,f452d6ce-c7dc-11ea-a4b0-dca63255fc3b,1,1,1,-45
500,DC:A6:32:55:FC:3E,2020-07-16 22:31:29.177662,f452d6ce-c7dc-11ea-a4b0-dca63255fc3b,1,1,1,-45
501,DC:A6:32:55:FC:3E,2020-07-16 22:31:30.068862,f452d6ce-c7dc-11ea-a4b0-dca63255fc3b,1,1,1,-43
502,DC:A6:32:55:FC:3E,2020-07-16 22:31:31.526365,f452d6ce-c7dc-11ea-a4b0-dca63255fc3b,1,1,1,-46
503,DC:A6:32:55:FC:3E,2020-07-16 22:31:32.110178,f452d6ce-c7dc-11ea-a4b0-dca63255fc3b,1,1,1,-44
504,DC:A6:32:55:FC:3E,2020-07-16 22:31:33.063308,f452d6ce-c7dc-11ea-a4b0-dca63255fc3b,1,1,1,-48
505,DC:A6:32:55:FC:3E,2020-07-16 22:31:34.071420,f452d6ce-c7dc-11ea-a4b0-dca63255fc3b,1,1,1,-45
506,DC:A6:32:55:FC:3E,2020-07-16 22:31:35.242760,f452d6ce-c7dc-11ea-a4b0-dca63255fc3b,1,1,1,-42
507,DC:A6:32:55:FC:3E,2020-07-16 22:31:36.053991,f452d6ce-c7dc-11ea-a4b0-dca63255fc3b,1,1,1,-48
508,DC:A6:32:55:FC:3E,2020-07-16 22:31:37.268354,f452d6ce-c7dc-11ea-a4b0-dca63255fc3b,1,1,1,-40
509,DC:A6:32:55:FC:3E,2020-07-16 22:31:38.180312,f452d6ce-c7dc-11ea-a4b0-dca63255fc3b,1,1,1,-45
510,DC:A6:32:55:FC:3E,2020-07-16 22:31:39.099020,f452d6ce-c7dc-11ea-a4b0-dca63255fc3b,1,1,1,-45
511,DC:A6:32:55:FC:3E,2020-07-16 22:31:40.200304,f452d6ce-c7dc-11ea-a4b0-dca63255fc3b,1,1,1,-47
512,DC:A6:32:55:FC:3E,2020-07-16 22:31:41.297936,f452d6ce-c7dc-11ea-a4b0-dca63255fc3b,1,1,1,-45
513,DC:A6:32:55:FC:3E,2020-07-16 22:31:42.104131,f452d6ce-c7dc-11ea-a4b0-dca63255fc3b,1,1,1,-43
514,DC:A6:32:55:FC:3E,2020-07-16 22:31:43.127883,f452d6ce-c7dc-11ea-a4b0-dca63255fc3b,1,1,1,-45
515,DC:A6:32:55:FC:3E,2020-07-16 22:31:44.052922,f452d6ce-c7dc-11ea-a4b0-dca63255fc3b,1,1,1,-45
516,DC:A6:32:55:FC:3E,2020-07-16 22:31:45.060428,f452d6ce-c7dc-11ea-a4b0-dca63255fc3b,1,1,1,-40
517,DC:A6:32:55:FC:3E,2020-07-16 22:31:46.305126,f452d6ce-c7dc-11ea-a4b0-dca63255fc3b,1,1,1,-45
518,DC:A6:32:55:FC:3E,2020-07-16 22:31:47.140613,f452d6ce-c7dc-11ea-a4b0-dca63255fc3b,1,1,1,-43
519,DC:A6:32:55:FC:3E,2020-07-16 22:31:48.143056,f452d6ce-c7dc-11ea-a4b0-dca63255fc3b,1,1,1,-45
520,DC:A6:32:55:FC:3E,2020-07-16 22:31:49.213134,f452d6ce-c7dc-11ea-a4b0-dca63255fc3b,1,1,1,-45
521,DC:A6:32:55:FC:3E,2020-07-16 22:31:50.109928,f452d6ce-c7dc-11ea-a4b0-dca63255fc3b,1,1,1,-47
522,DC:A6:32:55:FC:3E,2020-07-16 22:31:51.129310,f452d6ce-c7dc-11ea-a4b0-dca63255fc3b,1,1,1,-43
523,DC:A6:32:55:FC:3E,2020-07-16 22:31:52.021882,f452d6ce-c7dc-11ea-a4b0-dca63255fc3b,1,1,1,-45
524,DC:A6:32:55:FC:3E,2020-07-16 22:31:53.066963,f452d6ce-c7dc-11ea-a4b0-dca63255fc3b,1,1,1,-45
525,DC:A6:32:55:FC:3E,2020-07-16 22:31:54.084436,f452d6ce-c7dc-11ea-a4b0-dca63255fc3b,1,1,1,-43
526,DC:A6:32:55:FC:3E,2020-07-16 22:31:55.019410,f452d6ce-c7dc-11ea-a4b0-dca63255fc3b,1,1,1,-45
527,DC:A6:32:55:FC:3E,2020-07-16 22:31:56.425733,f452d6ce-c7dc-11ea-a4b0-dca63255fc3b,1,1,1,-45
528,DC:A6:32:55:FC:3E,2020-07-16 22:31:57.010756,f452d6ce-c7dc-11ea-a4b0-dca63255fc3b,1,1,1,-45
529,DC:A6:32:55:FC:3E,2020-07-16 22:31:58.078299,f452d6ce-c7dc-11ea-a4b0-dca63255fc3b,1,1,1,-43
530,DC:A6:32:55:FC:3E,2020-07-16 22:31:59.473388,f452d6ce-c7dc-11ea-a4b0-dca63255fc3b,1,1,1,-45
531,DC:A6:32:55:FC:3E,2020-07-16 22:32:00.002020,f452d6ce-c7dc-11ea-a4b0-dca63255fc3b,1,1,1,-45
532,DC:A6:32:55:FC:3E,2020-07-16 22:32:02.007077,f452d6ce-c7dc-11ea-a4b0-dca63255fc3b,1,1,1,-43
533,DC:A6:32:55:FC:3E,2020-07-16 22:32:03.042119,f452d6ce-c7dc-11ea-a4b0-dca63255fc3b,1,1,1,-40
534,DC:A6:32:55:FC:3E,2020-07-16 22:32:04.425917,f452d6ce-c7dc-11ea-a4b0-dca63255fc3b,1,1,1,-45
535,DC:A6:32:55:FC:3E,2020-07-16 22:32:05.005215,f452d6ce-c7dc-11ea-a4b0-dca63255fc3b,1,1,1,-47
536,DC:A6:32:55:FC:3E,2020-07-16 22:32:06.345968,f452d6ce-c7dc-11ea-a4b0-dca63255fc3b,1,1,1,-40
537,DC:A6:32:55:FC:3E,2020-07-16 22:32:07.452059,f452d6ce-c7dc-11ea-a4b0-dca63255fc3b,1,1,1,-40
538,DC:A6:32:55:FC:3E,2020-07-16 22:32:08.531049,f452d6ce-c7dc-11ea-a4b0-dca63255fc3b,1,1,1,-48
539,DC:A6:32:55:FC:3E,2020-07-16 22:32:09.037813,f452d6ce-c7dc-11ea-a4b0-dca63255fc3b,1,1,1,-48
540,DC:A6:32:55:FC:3E,2020-07-16 22:32:10.012309,f452d6ce-c7dc-11ea-a4b0-dca63255fc3b,1,1,1,-45
541,DC:A6:32:55:FC:3E,2020-07-16 22:32:11.072265,f452d6ce-c7dc-11ea-a4b0-dca63255fc3b,1,1,1,-48
542,DC:A6:32:55:FC:3E,2020-07-16 22:32:12.083666,f452d6ce-c7dc-11ea-a4b0-dca63255fc3b,1,1,1,-47
543,DC:A6:32:55:FC:3E,2020-07-16 22:32:13.508621,f452d6ce-c7dc-11ea-a4b0-dca63255fc3b,1,1,1,-45
544,DC:A6:32:55:FC:3E,2020-07-16 22:32:14.054170,f452d6ce-c7dc-11ea-a4b0-dca63255fc3b,1,1,1,-43
545,DC:A6:32:55:FC:3E,2020-07-16 22:32:15.153464,f452d6ce-c7dc-11ea-a4b0-dca63255fc3b,1,1,1,-45
546,DC:A6:32:55:FC:3E,2020-07-16 22:32:16.803728,f452d6ce-c7dc-11ea-a4b0-dca63255fc3b,1,1,1,-40
547,DC:A6:32:55:FC:3E,2020-07-16 22:32:17.008696,f452d6ce-c7dc-11ea-a4b0-dca63255fc3b,1,1,1,-45
548,DC:A6:32:55:FC:3E,2020-07-16 22:32:18.468740,f452d6ce-c7dc-11ea-a4b0-dca63255fc3b,1,1,1,-48
549,DC:A6:32:55:FC:3E,2020-07-16 22:32:19.092445,f452d6ce-c7dc-11ea-a4b0-dca63255fc3b,1,1,1,-46
550,DC:A6:32:55:FC:3E,2020-07-16 22:32:20.068713,f452d6ce-c7dc-11ea-a4b0-dca63255fc3b,1,1,1,-43
551,DC:A6:32:55:FC:3E,2020-07-16 22:32:21.201361,f452d6ce-c7dc-11ea-a4b0-dca63255fc3b,1,1,1,-45
552,DC:A6:32:55:FC:3E,2020-07-16 22:32:22.143796,f452d6ce-c7dc-11ea-a4b0-dca63255fc3b,1,1,1,-48
553,DC:A6:32:55:FC:3E,2020-07-16 22:32:23.275695,f452d6ce-c7dc-11ea-a4b0-dca63255fc3b,1,1,1,-48
554,DC:A6:32:55:FC:3E,2020-07-16 22:32:24.035734,f452d6ce-c7dc-11ea-a4b0-dca63255fc3b,1,1,1,-45
555,DC:A6:32:55:FC:3E,2020-07-16 22:32:25.037698,f452d6ce-c7dc-11ea-a4b0-dca63255fc3b,1,1,1,-43
556,DC:A6:32:55:FC:3E,2020-07-16 22:32:26.143901,f452d6ce-c7dc-11ea-a4b0-dca63255fc3b,1,1,1,-48
557,DC:A6:32:55:FC:3E,2020-07-16 22:32:27.102783,f452d6ce-c7dc-11ea-a4b0-dca63255fc3b,1,1,1,-45
558,DC:A6:32:55:FC:3E,2020-07-16 22:32:28.094663,f452d6ce-c7dc-11ea-a4b0-dca63255fc3b,1,1,1,-47
559,DC:A6:32:55:FC:3E,2020-07-16 22:32:29.470290,f452d6ce-c7dc-11ea-a4b0-dca63255fc3b,1,1,1,-48
560,DC:A6:32:55:FC:3E,2020-07-16 22:32:30.004015,f452d6ce-c7dc-11ea-a4b0-dca63255fc3b,1,1,1,-45
561,DC:A6:32:55:FC:3E,2020-07-16 22:32:31.112879,f452d6ce-c7dc-11ea-a4b0-dca63255fc3b,1,1,1,-45
562,DC:A6:32:55:FC:3E,2020-07-16 22:32:32.065341,f452d6ce-c7dc-11ea-a4b0-dca63255fc3b,1,1,1,-47
563,DC:A6:32:55:FC:3E,2020-07-16 22:32:33.050413,f452d6ce-c7dc-11ea-a4b0-dca63255fc3b,1,1,1,-45
564,DC:A6:32:55:FC:3E,2020-07-16 22:32:34.423566,f452d6ce-c7dc-11ea-a4b0-dca63255fc3b,1,1,1,-43
565,DC:A6:32:55:FC:3E,2020-07-16 22:32:35.580414,f452d6ce-c7dc-11ea-a4b0-dca63255fc3b,1,1,1,-45
566,DC:A6:32:55:FC:3E,2020-07-16 22:32:36.031649,f452d6ce-c7dc-11ea-a4b0-dca63255fc3b,1,1,1,-45
567,DC:A6:32:55:FC:3E,2020-07-16 22:32:37.370496,f452d6ce-c7dc-11ea-a4b0-dca63255fc3b,1,1,1,-43
568,DC:A6:32:55:FC:3E,2020-07-16 22:32:38.272075,f452d6ce-c7dc-11ea-a4b0-dca63255fc3b,1,1,1,-45
569,DC:A6:32:55:FC:3E,2020-07-16 22:32:39.071117,f452d6ce-c7dc-11ea-a4b0-dca63255fc3b,1,1,1,-45
570,DC:A6:32:55:FC:3E,2020-07-16 22:32:40.208625,f452d6ce-c7dc-11ea-a4b0-dca63255fc3b,1,1,1,-45
571,DC:A6:32:55:FC:3E,2020-07-16 22:32:41.172981,f452d6ce-c7dc-11ea-a4b0-dca63255fc3b,1,1,1,-40
572,DC:A6:32:55:FC:3E,2020-07-16 22:32:42.309296,f452d6ce-c7dc-11ea-a4b0-dca63255fc3b,1,1,1,-48
573,DC:A6:32:55:FC:3E,2020-07-16 22:32:43.229316,f452d6ce-c7dc-11ea-a4b0-dca63255fc3b,1,1,1,-45
574,DC:A6:32:55:FC:3E,2020-07-16 22:32:44.294377,f452d6ce-c7dc-11ea-a4b0-dca63255fc3b,1,1,1,-43
575,DC:A6:32:55:FC:3E,2020-07-16 22:32:45.083131,f452d6ce-c7dc-11ea-a4b0-dca63255fc3b,1,1,1,-45
576,DC:A6:32:55:FC:3E,2020-07-16 22:32:46.339333,f452d6ce-c7dc-11ea-a4b0-dca63255fc3b,1,1,1,-45
577,DC:A6:32:55:FC:3E,2020-07-16 22:32:47.070650,f452d6ce-c7dc-11ea-a4b0-dca63255fc3b,1,1,1,-45
578,DC:A6:32:55:FC:3E,2020-07-16 22:32:48.166895,f452d6ce-c7dc-11ea-a4b0-dca63255fc3b,1,1,1,-45
579,DC:A6:32:55:FC:3E,2020-07-16 22:32:49.270710,f452d6ce-c7dc-11ea-a4b0-dca63255fc3b,1,1,1,-44
580,DC:A6:32:55:FC:3E,2020-07-16 22:32:50.090716,f452d6ce-c7dc-11ea-a4b0-dca63255fc3b,1,1,1,-48
581,DC:A6:32:55:FC:3E,2020-07-16 22:32:51.449546,f452d6ce-c7dc-11ea-a4b0-dca63255fc3b,1,1,1,-45
582,DC:A6:32:55:FC:3E,2020-07-16 22:32:52.026948,f452d6ce-c7dc-11ea-a4b0-dca63255fc3b,1,1,1,-43
583,DC:A6:32:55:FC:3E,2020-07-16 22:32:53.124506,f452d6ce-c7dc-11ea-a4b0-dca63255fc3b,1,1,1,-45
584,DC:A6:32:55:FC:3E,2020-07-16 22:32:54.013286,f452d6ce-c7dc-11ea-a4b0-dca63255fc3b,1,1,1,-45
585,DC:A6:32:55:FC:3E,2020-07-16 22:32:55.003395,f452d6ce-c7dc-11ea-a4b0-dca63255fc3b,1,1,1,-47
586,DC:A6:32:55:FC:3E,2020-07-16 22:32:56.199638,f452d6ce-c7dc-11ea-a4b0-dca63255fc3b,1,1,1,-44
587,DC:A6:32:55:FC:3E,2020-07-16 22:32:57.379689,f452d6ce-c7dc-11ea-a4b0-dca63255fc3b,1,1,1,-40
588,DC:A6:32:55:FC:3E,2020-07-16 22:32:58.020814,f452d6ce-c7dc-11ea-a4b0-dca63255fc3b,1,1,1,-43
589,DC:A6:32:55:FC:3E,2020-07-16 22:32:59.242858,f452d6ce-c7dc-11ea-a4b0-dca63255fc3b,1,1,1,-42
590,DC:A6:32:55:FC:3E,2020-07-16 22:33:00.013499,f452d6ce-c7dc-11ea-a4b0-dca63255fc3b,1,1,1,-43
591,DC:A6:32:55:FC:3E,2020-07-16 22:33:01.386548,f452d6ce-c7dc-11ea-a4b0-dca63255fc3b,1,1,1,-44
592,DC:A6:32:55:FC:3E,2020-07-16 22:33:02.144664,f452d6ce-c7dc-11ea-a4b0-dca63255fc3b,1,1,1,-42
593,DC:A6:32:55:FC:3E,2020-07-16 22:33:03.281045,f452d6ce-c7dc-11ea-a4b0-dca63255fc3b,1,1,1,-43
594,DC:A6:32:55:FC:3E,2020-07-16 22:33:04.259101,f452d6ce-c7dc-11ea-a4b0-dca63255fc3b,1,1,1,-45
595,DC:A6:32:55:FC:3E,2020-07-16 22:33:05.170992,f452d6ce-c7dc-11ea-a4b0-dca63255fc3b,1,1,1,-48
596,DC:A6:32:55:FC:3E,2020-07-16 22:33:06.119825,f452d6ce-c7dc-11ea-a4b0-dca63255fc3b,1,1,1,-45
597,DC:A6:32:55:FC:3E,2020-07-16 22:33:07.036198,f452d6ce-c7dc-11ea-a4b0-dca63255fc3b,1,1,1,-43
598,DC:A6:32:55:FC:3E,2020-07-16 22:33:08.072403,f452d6ce-c7dc-11ea-a4b0-dca63255fc3b,1,1,1,-45
599,DC:A6:32:55:FC:3E,2020-07-16 22:33:09.102453,f452d6ce-c7dc-11ea-a4b0-dca63255fc3b,1,1,1,-40
600,DC:A6:32:55:FC:3E,2020-07-16 22:33:10.129286,f452d6ce-c7dc-11ea-a4b0-dca63255fc3b,1,1,1,-45
601,DC:A6:32:55:FC:3E,2020-07-16 22:33:11.096742,f452d6ce-c7dc-11ea-a4b0-dca63255fc3b,1,1,1,-45
602,DC:A6:32:55:FC:3E,2020-07-16 22:33:12.714954,f452d6ce-c7dc-11ea-a4b0-dca63255fc3b,1,1,1,-40
603,DC:A6:32:55:FC:3E,2020-07-16 22:33:13.073667,f452d6ce-c7dc-11ea-a4b0-dca63255fc3b,1,1,1,-48
604,DC:A6:32:55:FC:3E,2020-07-16 22:33:14.151204,f452d6ce-c7dc-11ea-a4b0-dca63255fc3b,1,1,1,-43
605,DC:A6:32:55:FC:3E,2020-07-16 22:33:16.156356,f452d6ce-c7dc-11ea-a4b0-dca63255fc3b,1,1,1,-48
606,DC:A6:32:55:FC:3E,2020-07-16 22:33:17.296267,f452d6ce-c7dc-11ea-a4b0-dca63255fc3b,1,1,1,-43
607,DC:A6:32:55:FC:3E,2020-07-16 22:33:18.113838,f452d6ce-c7dc-11ea-a4b0-dca63255fc3b,1,1,1,-45
608,DC:A6:32:55:FC:3E,2020-07-16 22:33:19.101298,f452d6ce-c7dc-11ea-a4b0-dca63255fc3b,1,1,1,-45
609,DC:A6:32:55:FC:3E,2020-07-16 22:33:20.151364,f452d6ce-c7dc-11ea-a4b0-dca63255fc3b,1,1,1,-45
610,DC:A6:32:55:FC:3E,2020-07-16 22:33:21.134027,f452d6ce-c7dc-11ea-a4b0-dca63255fc3b,1,1,1,-48
611,DC:A6:32:55:FC:3E,2020-07-16 22:33:22.265295,f452d6ce-c7dc-11ea-a4b0-dca63255fc3b,1,1,1,-45
612,DC:A6:32:55:FC:3E,2020-07-16 22:33:23.302756,f452d6ce-c7dc-11ea-a4b0-dca63255fc3b,1,1,1,-43
613,DC:A6:32:55:FC:3E,2020-07-16 22:33:24.012819,f452d6ce-c7dc-11ea-a4b0-dca63255fc3b,1,1,1,-42
614,DC:A6:32:55:FC:3E,2020-07-16 22:33:25.036580,f452d6ce-c7dc-11ea-a4b0-dca63255fc3b,1,1,1,-44
